Age,Attrition,BusinessTravel,DailyRate,Department,DistanceFromHome,Education,EducationField,EmployeeCount,EmployeeNumber,EnvironmentSatisfaction,Gender,HourlyRate,JobInvolvement,JobLevel,JobRole,JobSatisfaction,MaritalStatus,MonthlyIncome,MonthlyRate,NumCompaniesWorked,Over18,OverTime,PercentSalaryHike,PerformanceRating,RelationshipSatisfaction,StandardHours,StockOptionLevel,TotalWorkingYears,TrainingTimesLastYear,WorkLifeBalance,YearsAtCompany,YearsInCurrentRole,YearsSinceLastPromotion,YearsWithCurrManager
40,Yes,Travel_Rarely,353,Sales,9,1,Medical,1,1,3,Male,37,1,1,Sales Executive,1,Single,1000,23555,1,Y,Yes,13,3,4,80,0,18,2,4,0,0,0,0
34,Yes,Travel_Rarely,615,Research & Development,1,2,Technical Degree,1,2,2,Female,83,4,1,Laboratory Technician,4,Married,2771,19938,1,Y,Yes,18,3,4,80,0,16,1,2,16,10,1,1
41,Yes,Travel_Frequently,848,Research & Development,7,5,Life Sciences,1,3,2,Male,50,3,3,Research Scientist,3,Single,5146,23983,2,Y,Yes,18,3,2,80,2,21,1,2,16,0,1,3
49,No,Travel_Rarely,1143,Research & Development,12,5,Medical,1,4,3,Male,43,3,1,Manufacturing Director,4,Married,2811,14874,1,Y,No,18,3,1,80,3,31,1,3,4,4,0,4
33,Yes,Travel_Rarely,634,Sales,1,3,Marketing,1,5,4,Female,31,4,2,Sales Executive,3,Single,5159,26805,1,Y,No,11,3,4,80,0,11,1,3,11,2,0,0
33,No,Travel_Rarely,520,Research & Development,8,1,Life Sciences,1,6,2,Male,90,3,4,Laboratory Technician,2,Married,13907,15441,5,Y,Yes,18,3,4,80,0,12,3,4,7,6,0,2
50,No,Non-Travel,545,Sales,25,2,Life Sciences,1,7,3,Female,46,4,3,Sales Representative,3,Divorced,7001,2054,5,Y,No,18,3,1,80,1,32,6,3,3,2,0,0
42,Yes,Travel_Rarely,978,Research & Development,27,3,Other,1,8,3,Male,77,3,2,Laboratory Technician,1,Married,2658,22750,6,Y,No,12,4,3,80,2,23,2,3,2,1,0,1
31,No,Non-Travel,235,Research & Development,1,5,Marketing,1,9,1,Female,37,3,2,Research Scientist,4,Married,4437,6031,1,Y,No,22,3,4,80,1,9,4,3,4,3,2,0
40,No,Travel_Frequently,1424,Sales,11,2,Medical,1,10,3,Male,85,2,2,Sales Executive,3,Single,5508,11315,1,Y,No,19,3,2,80,0,22,2,4,3,3,0,3
31,Yes,Travel_Frequently,132,Research & Development,14,4,Marketing,1,11,4,Male,46,3,1,Healthcare Representative,2,Single,3134,21524,5,Y,Yes,17,3,2,80,3,13,4,2,13,0,0,4
31,No,Non-Travel,746,Research & Development,17,1,Life Sciences,1,12,3,Male,98,3,3,Research Scientist,2,Married,5656,26462,1,Y,No,18,3,2,80,2,10,3,3,3,0,2,0
38,No,Travel_Rarely,377,Research & Development,3,5,Medical,1,13,1,Male,41,3,2,Laboratory Technician,4,Married,6283,3552,4,Y,No,12,4,4,80,0,17,6,4,9,1,1,3
18,No,Travel_Frequently,232,Research & Development,2,3,Medical,1,14,4,Female,67,3,4,Laboratory Technician,4,Married,10056,9795,0,Y,No,14,3,2,80,3,0,1,3,0,0,0,0
20,No,Travel_Rarely,849,Research & Development,1,4,Medical,1,15,1,Female,47,2,3,Manufacturing Director,4,Single,8724,7271,4,Y,No,17,3,2,80,1,0,2,3,0,0,0,0
30,Yes,Travel_Rarely,225,Sales,4,3,Life Sciences,1,16,2,Male,55,2,2,Sales Representative,3,Single,4362,16665,3,Y,No,16,3,1,80,0,8,5,3,0,0,0,0
26,No,Travel_Rarely,444,Sales,1,4,Life Sciences,1,17,3,Male,66,4,2,Sales Representative,4,Single,5227,2115,1,Y,Yes,17,3,4,80,1,4,2,4,4,2,4,1
38,No,Travel_Rarely,116,Research & Development,12,2,Life Sciences,1,18,2,Female,99,3,1,Research Scientist,2,Divorced,3057,5613,2,Y,No,11,3,2,80,2,19,4,3,1,1,1,0
27,Yes,Travel_Frequently,923,Sales,1,2,Other,1,19,1,Female,70,2,3,Sales Executive,1,Single,5545,8372,1,Y,Yes,18,3,4,80,1,8,0,2,5,3,0,4
23,No,Travel_Rarely,661,Research & Development,13,5,Medical,1,20,3,Male,71,3,2,Research Scientist,3,Married,4150,18130,1,Y,No,23,3,1,80,0,1,1,4,0,0,0,0
49,Yes,Travel_Rarely,746,Research & Development,1,5,Medical,1,21,4,Male,70,2,1,Research Scientist,4,Single,2615,26935,4,Y,Yes,17,4,4,80,3,31,4,1,2,2,2,2
33,No,Non-Travel,729,Research & Development,5,5,Life Sciences,1,22,2,Male,76,2,1,Research Scientist,3,Married,4000,26603,5,Y,No,23,3,4,80,0,11,2,3,0,0,0,0
36,No,Travel_Frequently,917,Research & Development,3,4,Life Sciences,1,23,3,Female,43,3,1,Laboratory Technician,2,Married,1960,5837,3,Y,Yes,14,3,1,80,2,16,2,4,1,1,1,0
23,No,Travel_Rarely,159,Research & Development,7,4,Marketing,1,24,4,Male,30,2,3,Laboratory Technician,3,Divorced,12080,5533,5,Y,No,11,3,1,80,1,4,6,3,0,0,0,0
31,No,Non-Travel,566,Human Resources,5,1,Medical,1,25,4,Female,46,1,1,Human Resources,4,Divorced,3752,11610,3,Y,No,18,4,2,80,0,12,3,4,12,1,0,1
36,No,Non-Travel,727,Research & Development,7,3,Medical,1,26,2,Male,84,3,2,Laboratory Technician,3,Married,4878,13108,0,Y,No,20,3,2,80,0,17,2,4,2,1,1,2
25,No,Non-Travel,490,Research & Development,1,3,Life Sciences,1,27,3,Female,82,3,2,Manufacturing Director,4,Divorced,4627,7831,1,Y,Yes,17,3,4,80,2,3,2,4,3,1,0,3
39,Yes,Travel_Frequently,1035,Research & Development,1,4,Technical Degree,1,28,2,Male,60,4,2,Laboratory Technician,3,Divorced,4134,24347,5,Y,No,18,3,1,80,1,20,2,2,17,3,0,4
30,No,Travel_Rarely,784,Sales,5,3,Life Sciences,1,29,4,Male,91,3,4,Sales Executive,1,Divorced,11795,3294,3,Y,No,20,3,3,80,1,11,3,2,11,2,7,1
33,No,Travel_Rarely,1310,Sales,2,2,Life Sciences,1,30,4,Male,37,3,4,Sales Executive,4,Divorced,7779,24354,4,Y,No,11,3,2,80,1,11,2,3,3,0,0,3
30,No,Travel_Frequently,597,Research & Development,1,3,Medical,1,31,2,Female,59,3,2,Research Scientist,1,Single,4904,17663,3,Y,Yes,15,3,2,80,2,12,2,1,7,7,2,3
52,Yes,Travel_Rarely,699,Research & Development,1,4,Life Sciences,1,32,3,Male,95,3,1,Research Scientist,4,Married,3435,9550,2,Y,No,19,4,1,80,1,33,1,3,0,0,0,0
35,No,Travel_Rarely,1484,Research & Development,12,3,Life Sciences,1,33,4,Male,74,4,2,Laboratory Technician,3,Single,4236,20459,2,Y,No,15,3,2,80,0,16,1,3,0,0,0,0
26,No,Travel_Frequently,548,Research & Development,6,2,Marketing,1,34,3,Male,47,4,2,Research Director,4,Single,4699,15830,3,Y,Yes,23,3,1,80,0,7,1,3,7,3,1,0
43,No,Non-Travel,779,Research & Development,1,2,Marketing,1,35,4,Male,74,4,2,Manufacturing Director,4,Divorced,2873,15031,3,Y,No,24,3,3,80,2,23,1,3,0,0,0,0
25,No,Travel_Frequently,1304,Research & Development,1,2,Technical Degree,1,36,4,Female,48,3,3,Research Scientist,3,Married,8748,25750,4,Y,No,24,3,1,80,1,3,6,3,3,1,3,3
37,Yes,Travel_Rarely,229,Research & Development,3,2,Medical,1,37,4,Female,97,4,1,Healthcare Representative,3,Married,2665,13869,4,Y,Yes,20,3,4,80,0,18,2,4,5,4,0,0
18,Yes,Travel_Rarely,248,Research & Development,3,4,Life Sciences,1,38,3,Female,79,2,3,Manufacturing Director,4,Divorced,8127,23591,3,Y,No,22,4,4,80,3,0,3,4,0,0,0,0
24,Yes,Travel_Rarely,917,Research & Development,10,4,Life Sciences,1,39,4,Male,54,3,1,Manufacturing Director,1,Divorced,2364,7817,0,Y,No,13,3,4,80,2,6,3,3,0,0,0,0
37,Yes,Travel_Frequently,1047,Sales,20,4,Other,1,40,3,Female,67,3,3,Sales Representative,1,Divorced,7414,20162,1,Y,No,19,4,4,80,0,19,4,1,6,0,0,1
42,No,Travel_Rarely,599,Sales,3,3,Medical,1,41,1,Male,65,2,2,Sales Executive,3,Single,5627,14867,3,Y,No,23,3,4,80,3,22,2,3,4,2,0,2
37,No,Non-Travel,1478,Research & Development,9,4,Marketing,1,42,3,Male,97,1,3,Research Scientist,1,Single,7942,14086,3,Y,No,19,4,2,80,1,19,2,3,6,0,1,6
34,Yes,Travel_Rarely,1334,Research & Development,8,2,Life Sciences,1,43,2,Male,85,3,1,Laboratory Technician,2,Married,2696,12690,2,Y,No,14,3,2,80,0,13,1,3,2,2,1,0
33,Yes,Travel_Rarely,757,Research & Development,4,3,Medical,1,44,2,Male,68,2,2,Laboratory Technician,4,Single,5268,18757,5,Y,Yes,14,3,3,80,0,15,1,3,0,0,0,0
22,No,Travel_Rarely,1153,Research & Development,1,4,Life Sciences,1,45,4,Female,92,2,3,Laboratory Technician,3,Single,10246,16770,4,Y,No,21,3,2,80,1,1,1,4,1,1,0,1
29,No,Travel_Rarely,676,Sales,5,2,Medical,1,46,4,Female,36,3,1,Sales Representative,4,Married,2923,16329,5,Y,Yes,18,3,4,80,2,9,4,3,1,1,1,1
31,No,Travel_Frequently,1147,Research & Development,3,1,Other,1,47,4,Female,87,4,3,Research Director,4,Married,8385,25941,0,Y,Yes,17,4,2,80,0,10,1,4,0,0,0,0
45,Yes,Travel_Frequently,1083,Sales,6,5,Other,1,48,2,Male,88,2,3,Manager,1,Married,11036,12457,3,Y,No,21,3,4,80,0,27,2,2,0,0,0,0
39,No,Travel_Rarely,822,Sales,1,3,Medical,1,49,3,Male,77,4,2,Sales Representative,4,Single,5525,12034,4,Y,Yes,15,3,3,80,0,20,2,3,2,2,2,2
20,No,Travel_Rarely,321,Research & Development,10,4,Medical,1,50,4,Male,34,4,2,Healthcare Representative,4,Married,6631,19957,3,Y,No,16,3,4,80,1,0,3,2,0,0,0,0
38,No,Travel_Rarely,701,Research & Development,12,1,Other,1,51,4,Male,65,3,2,Research Director,1,Single,5758,24410,3,Y,No,13,3,4,80,0,20,4,3,4,0,2,3
32,Yes,Travel_Frequently,783,Research & Development,3,4,Marketing,1,52,4,Male,54,2,2,Research Scientist,4,Single,2697,22828,1,Y,No,24,3,2,80,0,13,1,3,1,0,1,1
29,No,Non-Travel,841,Research & Development,1,3,Life Sciences,1,53,3,Male,74,1,2,Research Scientist,3,Married,6631,19171,2,Y,Yes,16,3,2,80,1,9,1,4,4,2,0,4
41,No,Travel_Rarely,1024,Research & Development,7,1,Medical,1,54,4,Male,48,3,3,Laboratory Technician,4,Married,8270,3545,4,Y,No,23,4,4,80,2,21,3,2,5,0,0,3
45,Yes,Travel_Rarely,679,Research & Development,24,4,Life Sciences,1,55,4,Male,36,4,2,Healthcare Representative,4,Married,4935,15359,7,Y,No,18,4,4,80,1,23,4,3,3,0,0,3
44,No,Travel_Frequently,500,Sales,9,2,Medical,1,56,1,Female,87,2,1,Sales Executive,3,Single,2675,15146,5,Y,No,20,3,4,80,0,24,0,3,3,3,3,0
28,No,Travel_Rarely,1000,Research & Development,1,3,Medical,1,57,2,Female,95,4,1,Manufacturing Director,3,Divorced,2284,26945,1,Y,No,24,3,4,80,1,6,1,3,2,0,0,2
33,No,Travel_Frequently,611,Research & Development,4,1,Medical,1,58,4,Female,68,3,1,Research Scientist,2,Married,2641,15498,2,Y,No,23,3,2,80,0,13,2,4,0,0,0,0
38,No,Non-Travel,187,Research & Development,19,2,Life Sciences,1,59,2,Female,47,4,1,Research Scientist,3,Married,2130,15171,1,Y,No,21,3,3,80,3,18,2,3,2,2,2,1
44,No,Travel_Rarely,149,Sales,8,2,Life Sciences,1,60,2,Male,30,3,3,Sales Representative,1,Married,10548,16202,1,Y,No,19,3,4,80,2,24,2,3,2,2,1,2
31,No,Travel_Rarely,202,Research & Development,1,1,Medical,1,61,2,Female,92,4,3,Research Scientist,4,Divorced,7772,6374,6,Y,No,13,4,1,80,0,9,1,1,4,1,0,0
34,No,Travel_Rarely,467,Sales,10,5,Technical Degree,1,62,2,Female,32,4,1,Sales Executive,4,Married,2260,23831,1,Y,No,18,3,3,80,0,12,5,3,9,0,0,1
26,Yes,Travel_Rarely,1035,Research & Development,3,1,Marketing,1,63,2,Male,50,2,5,Research Scientist,4,Married,13069,11849,2,Y,No,22,3,2,80,1,5,2,3,2,2,0,0
25,No,Travel_Rarely,1391,Research & Development,5,3,Life Sciences,1,64,1,Male,59,2,2,Laboratory Technician,3,Divorced,5335,22439,5,Y,No,13,3,3,80,1,7,1,4,6,0,0,0
43,No,Non-Travel,1443,Research & Development,4,2,Other,1,65,1,Female,40,1,4,Manufacturing Director,1,Married,12561,18990,2,Y,No,12,4,3,80,1,25,5,3,8,8,0,1
48,No,Travel_Rarely,997,Research & Development,10,3,Other,1,66,4,Male,51,4,3,Laboratory Technician,3,Married,8776,15336,2,Y,No,15,3,3,80,2,30,2,4,1,1,1,1
35,No,Non-Travel,1008,Sales,1,5,Life Sciences,1,67,1,Male,86,3,3,Sales Representative,2,Married,5945,4576,6,Y,No,24,3,2,80,2,15,2,2,11,10,4,0
45,No,Travel_Rarely,1363,Research & Development,3,2,Life Sciences,1,68,2,Male,32,1,1,Research Scientist,1,Married,1499,24953,4,Y,No,14,3,1,80,1,27,2,2,0,0,0,0
39,No,Non-Travel,357,Sales,10,5,Technical Degree,1,69,3,Male,59,2,1,Sales Representative,3,Single,2890,22508,1,Y,No,23,3,4,80,2,17,4,3,11,1,2,4
30,No,Travel_Rarely,489,Research & Development,9,2,Technical Degree,1,70,4,Male,74,2,1,Laboratory Technician,4,Married,3427,7051,0,Y,No,15,3,4,80,2,9,3,2,0,0,0,0
39,No,Travel_Rarely,1466,Research & Development,1,4,Other,1,71,2,Male,65,1,3,Manufacturing Director,4,Divorced,5947,18706,1,Y,No,16,4,1,80,2,20,1,4,2,2,0,2
49,No,Travel_Rarely,872,Research & Development,3,3,Human Resources,1,72,2,Male,93,2,2,Manufacturing Director,2,Divorced,6986,12068,1,Y,No,13,3,1,80,3,28,1,3,4,2,0,4
35,No,Non-Travel,853,Research & Development,1,5,Medical,1,73,1,Male,83,1,3,Research Scientist,4,Married,8567,18967,3,Y,No,11,3,4,80,0,17,3,1,11,0,0,0
50,No,Travel_Rarely,493,Sales,6,3,Medical,1,74,4,Female,97,2,2,Sales Representative,2,Married,4991,23773,4,Y,No,14,3,2,80,0,32,4,3,1,1,1,1
18,No,Travel_Rarely,782,Sales,2,3,Life Sciences,1,75,3,Male,79,3,3,Sales Representative,2,Single,7204,13001,0,Y,No,16,4,2,80,2,0,5,4,0,0,0,0
43,No,Travel_Frequently,369,Research & Development,1,2,Life Sciences,1,76,2,Male,60,3,1,Laboratory Technician,4,Divorced,1634,10847,3,Y,No,12,3,3,80,2,22,1,1,6,3,1,1
36,No,Travel_Rarely,248,Research & Development,4,2,Medical,1,77,4,Male,58,2,1,Research Scientist,1,Divorced,3117,6881,3,Y,No,12,3,3,80,3,14,4,3,0,0,0,0
33,No,Travel_Rarely,910,Research & Development,20,5,Medical,1,78,1,Female,88,2,2,Research Director,1,Married,4030,10414,5,Y,No,11,3,2,80,0,11,1,3,3,3,1,3
36,No,Travel_Rarely,127,Research & Development,20,3,Medical,1,79,2,Male,65,4,2,Healthcare Representative,3,Divorced,4025,20506,4,Y,No,19,3,4,80,1,17,1,3,3,2,1,2
18,No,Travel_Rarely,1272,Research & Development,3,3,Technical Degree,1,80,3,Male,96,2,2,Research Scientist,1,Married,6239,9699,2,Y,Yes,13,3,2,80,0,0,3,2,0,0,0,0
34,No,Travel_Rarely,379,Research & Development,4,4,Life Sciences,1,81,3,Female,40,1,3,Laboratory Technician,1,Married,4234,26180,6,Y,No,12,3,2,80,1,12,2,3,7,0,2,0
39,No,Travel_Rarely,1305,Research & Development,2,3,Medical,1,82,3,Female,40,2,1,Healthcare Representative,3,Single,1547,18045,2,Y,No,14,3,3,80,0,20,2,3,13,1,3,11
49,No,Travel_Rarely,265,Research & Development,1,5,Life Sciences,1,83,2,Male,55,3,2,Manufacturing Director,4,Married,4977,20604,3,Y,No,16,3,4,80,0,29,0,3,6,6,2,5
31,No,Travel_Rarely,116,Research & Development,9,4,Medical,1,84,4,Female,82,1,4,Healthcare Representative,3,Married,12879,7123,3,Y,No,11,3,4,80,0,11,1,4,11,4,1,4
28,Yes,Travel_Frequently,1273,Research & Development,12,3,Technical Degree,1,85,2,Male,43,4,1,Laboratory Technician,1,Married,2802,18211,1,Y,Yes,19,3,2,80,1,9,4,4,0,0,0,0
31,No,Travel_Rarely,438,Research & Development,16,5,Marketing,1,86,1,Male,93,2,4,Manufacturing Director,4,Married,11094,5550,2,Y,No,19,3,1,80,0,9,3,1,0,0,0,0
44,No,Travel_Frequently,1168,Research & Development,21,1,Other,1,87,4,Male,39,2,5,Laboratory Technician,4,Divorced,25000,24163,1,Y,No,18,3,2,80,0,26,5,2,11,3,1,3
38,Yes,Travel_Rarely,941,Human Resources,19,2,Life Sciences,1,88,4,Male,60,4,1,Human Resources,2,Single,2357,12634,5,Y,Yes,16,3,1,80,0,17,4,3,11,6,1,5
31,No,Travel_Frequently,288,Research & Development,1,3,Medical,1,89,2,Female,65,2,1,Manufacturing Director,3,Married,2355,23312,0,Y,No,14,3,3,80,0,13,3,1,0,0,0,0
40,Yes,Travel_Rarely,750,Research & Development,29,2,Life Sciences,1,90,3,Male,39,3,2,Manager,3,Married,4003,14177,1,Y,Yes,12,3,4,80,3,22,2,3,2,2,1,2
36,No,Travel_Rarely,1184,Research & Development,3,4,Medical,1,91,3,Male,55,3,3,Laboratory Technician,3,Married,8247,2166,1,Y,No,18,3,3,80,0,14,2,1,9,1,1,1
44,No,Travel_Rarely,393,Research & Development,17,5,Technical Degree,1,92,4,Female,49,1,2,Laboratory Technician,4,Married,5768,24827,1,Y,Yes,17,3,4,80,0,23,2,3,0,0,0,0
29,Yes,Travel_Frequently,1156,Sales,4,3,Marketing,1,93,1,Female,73,4,3,Sales Representative,4,Single,10407,10309,2,Y,Yes,22,3,4,80,2,8,0,1,1,1,1,0
33,Yes,Travel_Rarely,1422,Research & Development,4,3,Human Resources,1,94,3,Male,91,3,3,Laboratory Technician,3,Single,5021,25039,3,Y,Yes,24,3,2,80,1,13,1,1,5,0,1,1
32,No,Travel_Rarely,514,Sales,1,5,Life Sciences,1,95,4,Female,38,2,1,Sales Representative,1,Married,2346,12001,5,Y,Yes,14,3,1,80,2,13,3,4,13,0,1,0
22,No,Travel_Rarely,902,Sales,1,3,Human Resources,1,96,1,Male,53,3,4,Sales Representative,2,Married,13340,25726,0,Y,No,13,3,3,80,1,0,3,2,0,0,0,0
38,No,Travel_Rarely,530,Research & Development,8,3,Life Sciences,1,97,3,Female,41,1,3,Research Scientist,3,Single,9174,4206,3,Y,No,16,3,3,80,3,17,2,2,7,4,5,7
38,Yes,Travel_Frequently,1223,Research & Development,22,3,Human Resources,1,98,3,Female,89,4,2,Manager,3,Married,5008,3250,2,Y,No,11,3,3,80,0,16,0,3,2,0,2,0
36,No,Travel_Rarely,1146,Sales,2,5,Life Sciences,1,99,4,Female,45,3,4,Sales Representative,4,Married,13627,22390,3,Y,Yes,12,3,3,80,3,16,2,1,5,5,0,1
33,No,Travel_Rarely,586,Research & Development,1,3,Life Sciences,1,100,4,Male,58,4,3,Healthcare Representative,2,Married,6382,6558,1,Y,No,17,3,2,80,2,15,2,4,0,0,0,0
23,No,Travel_Rarely,188,Research & Development,1,4,Medical,1,101,2,Male,61,3,1,Manufacturing Director,3,Divorced,3473,11863,3,Y,No,21,3,1,80,1,2,1,3,2,2,0,2
32,No,Travel_Rarely,1332,Research & Development,1,4,Other,1,102,2,Male,64,4,2,Healthcare Representative,2,Single,6240,4151,2,Y,No,13,3,4,80,1,12,0,3,3,3,0,2
32,Yes,Travel_Rarely,370,Research & Development,2,3,Life Sciences,1,103,4,Male,72,2,2,Research Scientist,4,Single,3318,7077,1,Y,No,24,3,4,80,1,10,1,4,5,1,4,2
28,Yes,Travel_Rarely,999,Research & Development,1,3,Life Sciences,1,104,4,Male,82,1,1,Laboratory Technician,4,Married,1828,17552,4,Y,No,23,3,4,80,0,8,1,4,8,0,4,3
34,No,Travel_Rarely,377,Research & Development,2,4,Technical Degree,1,105,1,Female,49,4,5,Research Director,4,Married,12550,4297,2,Y,No,11,3,4,80,0,14,3,2,0,0,0,0
39,No,Travel_Rarely,305,Sales,20,3,Medical,1,106,2,Male,37,2,1,Sales Executive,2,Married,2923,11228,2,Y,No,12,4,1,80,3,19,2,2,18,0,0,1
52,No,Travel_Rarely,1012,Research & Development,17,4,Life Sciences,1,107,4,Male,71,4,3,Research Scientist,2,Divorced,5430,4614,1,Y,No,20,3,2,80,1,32,4,2,2,2,0,0
37,Yes,Travel_Frequently,427,Sales,3,5,Medical,1,108,1,Female,99,2,2,Sales Representative,3,Divorced,4586,3879,2,Y,Yes,20,3,4,80,0,17,4,1,2,1,1,0
38,No,Travel_Rarely,957,Research & Development,29,4,Medical,1,109,2,Male,45,2,1,Healthcare Representative,4,Divorced,2784,2620,3,Y,No,24,3,4,80,2,18,0,3,0,0,0,0
35,No,Travel_Rarely,976,Research & Development,2,4,Other,1,110,3,Female,98,4,4,Research Scientist,1,Married,11801,25082,2,Y,Yes,19,3,1,80,1,16,4,2,9,4,1,2
18,No,Non-Travel,961,Research & Development,10,4,Technical Degree,1,111,4,Male,82,4,4,Healthcare Representative,4,Married,12776,23891,2,Y,No,17,3,2,80,0,0,4,2,0,0,0,0
35,No,Travel_Frequently,435,Research & Development,8,4,Medical,1,112,3,Male,74,4,2,Manufacturing Director,4,Married,3667,10262,6,Y,No,17,3,1,80,2,17,3,3,0,0,0,0
36,Yes,Travel_Rarely,705,Research & Development,1,3,Other,1,113,2,Male,80,4,1,Laboratory Technician,1,Single,2871,20187,4,Y,Yes,24,3,4,80,2,14,6,3,0,0,0,0
58,No,Travel_Rarely,691,Research & Development,3,1,Medical,1,114,4,Male,35,3,1,Healthcare Representative,2,Married,2116,25500,2,Y,Yes,20,3,4,80,0,37,4,4,12,3,0,7
34,Yes,Non-Travel,1161,Sales,24,3,Life Sciences,1,115,1,Female,62,3,2,Sales Executive,4,Single,4594,22917,2,Y,No,18,3,4,80,3,13,5,1,0,0,0,0
38,No,Travel_Rarely,1113,Research & Development,1,4,Life Sciences,1,116,3,Male,44,4,1,Research Scientist,2,Divorced,2648,3925,4,Y,Yes,22,3,2,80,0,16,4,3,4,4,1,1
35,Yes,Travel_Rarely,1351,Research & Development,1,3,Medical,1,117,3,Male,43,3,2,Research Scientist,1,Married,5128,19421,4,Y,No,22,3,3,80,1,15,4,2,4,0,0,2
25,No,Travel_Frequently,1257,Sales,28,4,Life Sciences,1,118,2,Male,68,4,5,Sales Executive,3,Married,17101,21567,3,Y,No,18,3,2,80,0,6,0,4,6,0,0,0
46,No,Travel_Rarely,807,Sales,1,3,Other,1,119,3,Male,92,3,2,Sales Executive,4,Married,4061,12553,6,Y,No,19,3,2,80,1,28,3,2,4,0,3,2
42,Yes,Non-Travel,1077,Research & Development,4,4,Technical Degree,1,120,2,Female,34,1,4,Healthcare Representative,4,Single,11101,11630,3,Y,No,12,4,4,80,0,22,4,3,2,0,2,1
43,Yes,Travel_Rarely,524,Research & Development,20,2,Life Sciences,1,121,3,Male,81,3,3,Healthcare Representative,1,Single,8004,14003,2,Y,No,24,3,1,80,0,21,3,4,18,0,4,3
27,Yes,Travel_Rarely,686,Sales,23,4,Medical,1,122,3,Female,45,3,2,Sales Representative,4,Married,3281,10676,1,Y,No,18,3,2,80,2,5,2,2,1,1,0,1
48,No,Travel_Rarely,905,Research & Development,29,3,Marketing,1,123,4,Female,67,3,4,Healthcare Representative,3,Single,10612,22648,1,Y,No,18,3,4,80,0,29,2,4,1,1,1,1
23,Yes,Travel_Frequently,819,Research & Development,5,2,Other,1,124,4,Male,82,3,2,Research Scientist,2,Married,5484,6898,1,Y,No,23,3,2,80,2,4,3,2,0,0,0,0
41,No,Travel_Rarely,1048,Research & Development,1,2,Human Resources,1,125,2,Female,82,4,4,Research Scientist,3,Divorced,8167,26821,6,Y,No,15,3,4,80,1,19,3,1,18,1,0,1
55,No,Travel_Rarely,754,Sales,11,4,Medical,1,126,4,Male,75,2,1,Sales Representative,4,Divorced,3222,16601,4,Y,Yes,15,3,2,80,3,35,2,1,6,2,6,0
27,No,Travel_Rarely,573,Research & Development,9,3,Technical Degree,1,127,4,Male,44,3,1,Research Scientist,2,Married,3293,15136,5,Y,No,14,3,4,80,1,7,2,4,0,0,0,0
30,No,Travel_Rarely,667,Human Resources,6,2,Medical,1,128,1,Male,88,4,4,Human Resources,2,Single,8264,16578,0,Y,No,24,3,4,80,0,10,3,2,6,2,4,1
36,Yes,Travel_Frequently,1484,Research & Development,17,5,Medical,1,129,4,Female,79,4,2,Manufacturing Director,4,Divorced,6697,8121,0,Y,Yes,15,3,1,80,0,18,2,2,2,2,2,2
31,Yes,Travel_Rarely,310,Sales,19,4,Life Sciences,1,130,3,Female,38,2,4,Sales Executive,1,Divorced,11569,7789,1,Y,No,12,3,3,80,2,13,3,4,13,13,0,0
22,Yes,Travel_Rarely,1302,Research & Development,9,5,Life Sciences,1,131,4,Male,55,4,4,Research Director,4,Single,13255,21755,0,Y,No,12,3,2,80,2,2,3,3,1,1,1,1
36,No,Travel_Rarely,1181,Research & Development,1,3,Medical,1,132,4,Female,32,3,1,Research Scientist,3,Married,2189,18310,1,Y,No,15,3,3,80,0,14,2,3,6,1,1,2
26,No,Travel_Frequently,1196,Sales,1,3,Life Sciences,1,133,4,Male,76,4,2,Sales Executive,4,Single,6153,19734,1,Y,No,21,3,3,80,1,7,2,3,4,3,2,0
40,No,Travel_Frequently,314,Research & Development,4,5,Life Sciences,1,134,2,Male,34,4,2,Laboratory Technician,2,Divorced,5507,24098,2,Y,No,23,3,4,80,1,19,0,1,0,0,0,0
27,No,Travel_Rarely,999,Research & Development,2,3,Marketing,1,135,3,Male,91,3,2,Laboratory Technician,4,Divorced,3982,15134,5,Y,No,13,4,2,80,3,8,4,4,8,3,3,3
49,No,Travel_Rarely,1196,Research & Development,1,4,Life Sciences,1,136,3,Female,34,4,3,Laboratory Technician,3,Single,5669,22198,2,Y,No,11,4,2,80,3,30,1,4,0,0,0,0
28,No,Travel_Rarely,566,Research & Development,7,2,Medical,1,137,2,Female,39,4,1,Laboratory Technician,1,Divorced,1587,25531,3,Y,No,19,3,1,80,3,7,3,2,5,1,2,0
33,No,Travel_Rarely,1394,Research & Development,9,3,Medical,1,138,2,Male,92,3,2,Research Director,4,Married,5234,8485,3,Y,No,12,3,4,80,2,13,0,3,7,5,0,2
43,No,Travel_Frequently,453,Sales,9,2,Other,1,139,3,Male,54,3,3,Manager,4,Divorced,9144,11980,2,Y,Yes,24,3,4,80,3,24,3,4,4,3,0,0
24,No,Travel_Rarely,1357,Research & Development,1,2,Medical,1,140,4,Male,73,3,1,Research Scientist,1,Married,2906,5625,2,Y,No,22,3,2,80,0,3,4,2,0,0,0,0
38,No,Travel_Rarely,1442,Research & Development,2,1,Life Sciences,1,141,4,Male,54,3,3,Laboratory Technician,2,Divorced,7764,13512,4,Y,No,24,4,1,80,2,16,2,3,16,4,0,5
47,No,Travel_Rarely,1142,Research & Development,1,1,Medical,1,142,4,Male,59,4,2,Laboratory Technician,2,Single,3553,10951,2,Y,No,20,3,1,80,2,25,4,3,1,1,0,0
21,No,Travel_Rarely,724,Research & Development,7,5,Technical Degree,1,143,2,Female,43,3,4,Research Director,4,Married,9953,10117,5,Y,No,12,3,1,80,3,0,2,4,0,0,0,0
37,Yes,Travel_Rarely,471,Sales,6,2,Other,1,144,3,Male,72,3,2,Manager,4,Single,6440,10989,1,Y,No,24,3,3,80,1,17,3,1,7,7,1,1
38,No,Travel_Rarely,283,Research & Development,5,4,Medical,1,145,3,Male,57,4,1,Research Scientist,2,Divorced,2197,18915,4,Y,No,14,3,2,80,0,19,2,4,14,1,0,3
43,No,Travel_Rarely,1400,Research & Development,2,4,Life Sciences,1,146,1,Male,48,4,2,Manufacturing Director,3,Divorced,5179,22521,2,Y,Yes,12,3,4,80,1,24,3,2,4,2,2,1
24,Yes,Travel_Rarely,773,Sales,2,3,Human Resources,1,147,2,Female,71,4,1,Sales Executive,2,Divorced,1827,13608,3,Y,No,17,3,1,80,1,6,1,1,1,1,1,1
24,No,Travel_Rarely,854,Research & Development,17,2,Life Sciences,1,148,2,Female,49,3,5,Research Scientist,4,Divorced,18430,2598,1,Y,No,22,3,4,80,0,2,1,3,2,2,0,0
40,No,Non-Travel,1268,Sales,1,4,Medical,1,149,4,Male,40,3,1,Sales Executive,1,Single,2213,9428,2,Y,Yes,20,3,2,80,0,20,3,2,0,0,0,0
38,No,Travel_Rarely,1204,Sales,8,4,Medical,1,150,4,Female,83,3,3,Sales Executive,2,Married,10093,26881,5,Y,No,11,3,4,80,1,17,0,4,0,0,0,0
38,No,Travel_Rarely,421,Sales,1,4,Life Sciences,1,151,4,Male,53,2,2,Sales Executive,3,Single,5966,6904,4,Y,No,21,3,4,80,0,18,2,3,11,2,2,0
39,Yes,Non-Travel,534,Research & Development,1,4,Life Sciences,1,152,3,Male,99,3,2,Research Scientist,4,Single,4380,4909,4,Y,No,12,3,4,80,0,20,1,3,4,0,1,0
29,Yes,Travel_Rarely,1166,Sales,2,5,Life Sciences,1,153,2,Male,46,4,1,Sales Representative,3,Single,2420,15551,7,Y,Yes,21,3,4,80,0,7,3,3,0,0,0,0
38,No,Travel_Frequently,1436,Sales,17,3,Marketing,1,154,4,Male,57,2,2,Sales Executive,4,Married,4311,19062,1,Y,No,15,4,1,80,3,20,0,4,4,4,0,0
38,No,Travel_Rarely,392,Research & Development,1,3,Other,1,155,2,Male,79,3,2,Laboratory Technician,4,Single,3225,21768,1,Y,No,12,3,1,80,2,18,2,4,0,0,0,0
29,No,Travel_Rarely,787,Research & Development,22,4,Life Sciences,1,156,3,Female,84,1,1,Laboratory Technician,4,Single,1964,10922,5,Y,No,19,3,4,80,0,11,0,3,0,0,0,0
52,No,Travel_Rarely,987,Research & Development,13,1,Technical Degree,1,157,2,Female,39,4,4,Research Scientist,2,Single,12594,4025,1,Y,No,14,4,4,80,2,33,5,3,0,0,0,0
40,No,Travel_Rarely,168,Research & Development,9,5,Life Sciences,1,158,4,Female,50,3,1,Laboratory Technician,4,Single,2703,15220,1,Y,No,19,3,1,80,2,19,2,3,7,7,0,4
25,Yes,Travel_Rarely,155,Research & Development,4,2,Medical,1,159,1,Male,87,3,2,Research Scientist,1,Divorced,5185,15190,1,Y,Yes,21,3,4,80,0,5,6,4,5,5,0,0
41,Yes,Travel_Frequently,730,Research & Development,18,3,Life Sciences,1,160,1,Male,63,3,2,Laboratory Technician,2,Married,4622,22612,7,Y,No,22,3,3,80,0,22,4,2,4,1,4,4
27,No,Travel_Rarely,1327,Research & Development,6,4,Other,1,161,4,Female,72,3,1,Research Scientist,4,Divorced,3083,4766,2,Y,No,11,4,1,80,1,5,1,1,1,1,1,1
43,No,Travel_Rarely,519,Research & Development,3,3,Technical Degree,1,162,1,Male,40,4,4,Laboratory Technician,4,Married,12190,20482,0,Y,Yes,11,3,1,80,1,23,2,3,6,1,0,3
46,No,Travel_Rarely,666,Research & Development,7,3,Marketing,1,163,4,Male,62,3,2,Research Scientist,3,Single,5879,25145,2,Y,Yes,11,3,1,80,2,28,6,2,2,2,0,0
28,No,Travel_Rarely,649,Research & Development,2,3,Technical Degree,1,164,2,Male,87,3,1,Manufacturing Director,3,Divorced,1391,2391,4,Y,No,24,3,1,80,1,8,0,2,3,2,3,3
44,No,Travel_Frequently,342,Sales,2,4,Marketing,1,165,4,Female,75,4,2,Sales Representative,2,Married,1000,12935,5,Y,No,14,3,4,80,0,25,3,3,11,3,0,4
39,Yes,Travel_Frequently,1324,Research & Development,20,3,Other,1,166,3,Male,90,3,2,Research Scientist,3,Single,5354,5784,3,Y,Yes,19,4,2,80,3,20,3,2,3,1,3,0
43,No,Non-Travel,847,Research & Development,12,5,Marketing,1,167,3,Male,91,1,2,Laboratory Technician,3,Single,3219,25050,3,Y,No,18,3,3,80,0,25,2,1,4,1,0,0
53,No,Travel_Rarely,626,Research & Development,5,1,Other,1,168,4,Female,30,3,3,Research Scientist,4,Single,7575,22221,2,Y,No,17,3,4,80,2,34,4,3,16,0,0,3
33,Yes,Travel_Frequently,176,Research & Development,4,4,Medical,1,169,3,Male,50,3,1,Laboratory Technician,4,Single,2311,20069,4,Y,Yes,11,3,4,80,0,13,3,3,3,3,2,3
29,No,Travel_Rarely,539,Sales,13,4,Life Sciences,1,170,2,Male,91,4,1,Sales Executive,4,Married,3492,24881,0,Y,No,13,3,3,80,0,11,4,3,4,4,1,1
27,No,Travel_Rarely,1386,Sales,6,2,Medical,1,171,2,Male,93,1,3,Sales Executive,3,Married,8799,4914,2,Y,No,19,3,3,80,1,8,0,3,4,4,4,1
28,Yes,Travel_Rarely,1308,Research & Development,4,3,Life Sciences,1,172,1,Male,85,3,1,Laboratory Technician,1,Single,2603,25500,5,Y,No,19,3,4,80,0,9,1,3,1,1,1,0
35,Yes,Travel_Rarely,1178,Human Resources,5,2,Medical,1,173,4,Female,30,1,4,Manager,4,Single,14510,15243,7,Y,No,15,3,2,80,1,15,2,2,6,3,1,1
39,Yes,Travel_Rarely,1431,Research & Development,2,4,Medical,1,174,1,Male,50,4,1,Laboratory Technician,3,Divorced,2730,14282,1,Y,Yes,22,3,2,80,0,20,6,2,6,0,2,1
38,Yes,Travel_Frequently,615,Research & Development,1,3,Medical,1,175,2,Male,51,4,4,Laboratory Technician,4,Single,10626,22110,3,Y,Yes,23,3,4,80,1,18,2,4,1,1,1,1
43,Yes,Non-Travel,1422,Research & Development,29,4,Life Sciences,1,176,2,Female,83,4,2,Laboratory Technician,1,Married,6339,14965,0,Y,No,16,3,1,80,1,21,2,3,0,0,0,0
36,Yes,Travel_Rarely,1353,Sales,27,2,Life Sciences,1,177,3,Female,33,3,2,Manager,3,Divorced,3612,13505,5,Y,Yes,21,3,2,80,0,16,1,2,16,1,0,0
49,Yes,Travel_Frequently,1409,Research & Development,4,2,Medical,1,178,2,Female,94,4,1,Healthcare Representative,3,Single,2702,6951,2,Y,No,23,3,3,80,2,28,1,3,4,0,0,3
33,No,Non-Travel,1261,Sales,5,1,Other,1,179,4,Male,80,3,1,Sales Executive,3,Single,1532,24442,5,Y,No,16,3,2,80,0,14,1,2,0,0,0,0
60,No,Travel_Rarely,714,Sales,14,3,Medical,1,180,2,Male,92,3,1,Sales Representative,3,Married,2627,9655,1,Y,Yes,20,4,4,80,0,38,3,2,1,1,1,1
41,No,Travel_Rarely,1130,Research & Development,10,3,Medical,1,181,4,Female,44,4,1,Laboratory Technician,4,Single,2620,6610,3,Y,No,14,3,1,80,1,23,2,4,4,0,0,4
28,Yes,Travel_Rarely,775,Research & Development,1,4,Marketing,1,182,4,Female,65,4,1,Healthcare Representative,4,Married,3547,26205,0,Y,No,11,3,3,80,1,7,2,3,0,0,0,0
26,Yes,Travel_Rarely,519,Sales,3,4,Medical,1,183,1,Male,58,4,2,Sales Representative,2,Divorced,3043,19468,1,Y,Yes,15,4,4,80,1,8,2,3,0,0,0,0
40,No,Travel_Rarely,375,Research & Development,2,3,Life Sciences,1,184,4,Male,81,4,2,Research Scientist,2,Single,4248,9583,2,Y,No,23,4,3,80,0,19,5,2,8,4,0,3
33,No,Travel_Rarely,707,Research & Development,29,5,Medical,1,185,4,Male,75,4,3,Manufacturing Director,3,Married,9645,19701,1,Y,No,11,3,3,80,2,11,0,2,6,2,1,4
42,No,Travel_Rarely,670,Research & Development,11,4,Life Sciences,1,186,4,Female,98,3,3,Research Scientist,2,Married,8670,8880,1,Y,No,11,3,2,80,1,20,0,4,1,0,1,1
40,Yes,Travel_Rarely,189,Research & Development,1,5,Other,1,187,3,Male,58,2,2,Research Scientist,3,Single,5225,4349,2,Y,Yes,21,3,2,80,0,18,3,4,0,0,0,0
35,No,Travel_Rarely,381,Research & Development,18,3,Life Sciences,1,188,2,Male,76,3,2,Research Scientist,2,Married,3804,25721,3,Y,No,15,3,2,80,0,14,3,4,3,3,0,0
28,Yes,Travel_Rarely,1294,Research & Development,21,2,Medical,1,189,4,Male,54,1,2,Manufacturing Director,2,Single,4261,21077,1,Y,No,15,3,3,80,2,8,1,3,1,1,1,1
22,Yes,Travel_Frequently,737,Research & Development,3,1,Life Sciences,1,190,4,Female,45,4,2,Research Scientist,2,Married,6556,9208,1,Y,No,17,3,3,80,1,4,3,3,2,0,2,1
31,Yes,Travel_Rarely,910,Research & Development,8,4,Life Sciences,1,191,1,Female,70,4,4,Research Scientist,4,Single,11845,15720,5,Y,No,12,4,3,80,0,11,5,3,1,1,1,0
43,No,Travel_Rarely,1478,Sales,9,2,Technical Degree,1,192,4,Male,94,3,1,Sales Representative,4,Married,2734,8881,1,Y,No,16,3,4,80,0,23,4,4,0,0,0,0
37,Yes,Non-Travel,1327,Human Resources,10,3,Life Sciences,1,193,4,Female,98,4,1,Human Resources,4,Single,2428,5722,4,Y,No,12,3,1,80,0,18,1,2,2,0,0,1
24,No,Travel_Rarely,1412,Research & Development,9,3,Life Sciences,1,194,2,Female,49,3,3,Research Scientist,3,Divorced,5633,22077,2,Y,No,23,3,2,80,1,6,0,4,6,1,2,1
37,No,Travel_Rarely,967,Research & Development,6,3,Medical,1,195,1,Male,98,4,1,Research Scientist,3,Single,3083,17332,3,Y,No,20,3,3,80,2,16,3,4,1,1,1,0
39,No,Travel_Rarely,561,Sales,24,4,Life Sciences,1,196,3,Male,65,4,4,Sales Executive,1,Married,13509,22776,6,Y,No,15,3,3,80,1,20,0,3,2,2,2,0
28,Yes,Travel_Rarely,849,Research & Development,5,2,Life Sciences,1,197,4,Male,87,1,4,Laboratory Technician,1,Married,18916,9224,0,Y,No,14,3,1,80,1,9,3,2,1,0,1,0
37,No,Travel_Rarely,1296,Research & Development,1,3,Technical Degree,1,198,1,Female,77,2,1,Research Scientist,4,Married,1865,15229,1,Y,No,21,4,2,80,3,15,2,4,3,1,1,1
36,No,Non-Travel,400,Sales,1,4,Technical Degree,1,199,3,Male,31,2,1,Manager,3,Married,3014,9802,2,Y,No,20,3,4,80,1,15,3,4,9,1,4,0
25,Yes,Travel_Rarely,699,Sales,1,5,Other,1,200,4,Female,58,4,2,Sales Representative,4,Married,3360,24101,4,Y,Yes,15,3,3,80,1,5,4,3,2,2,0,2
39,No,Travel_Rarely,628,Sales,4,4,Technical Degree,1,201,1,Female,45,2,2,Sales Executive,3,Married,5196,13439,0,Y,Yes,12,4,3,80,0,19,5,2,8,0,0,0
41,No,Travel_Rarely,239,Sales,2,5,Marketing,1,202,3,Male,64,2,1,Sales Executive,2,Divorced,3110,5134,3,Y,No,18,3,4,80,1,21,4,3,0,0,0,0
45,Yes,Travel_Rarely,377,Research & Development,18,4,Life Sciences,1,203,1,Female,91,3,3,Laboratory Technician,2,Single,3855,4598,5,Y,No,18,4,1,80,1,23,1,3,11,0,0,1
45,Yes,Travel_Rarely,762,Research & Development,16,3,Technical Degree,1,204,3,Male,33,3,2,Manufacturing Director,4,Married,4743,6052,0,Y,Yes,16,3,4,80,0,25,1,4,1,1,1,0
23,No,Travel_Rarely,610,Sales,14,2,Technical Degree,1,205,3,Male,97,4,1,Sales Executive,2,Divorced,2147,14741,2,Y,No,13,3,1,80,3,5,4,4,0,0,0,0
27,No,Travel_Frequently,1469,Research & Development,16,4,Technical Degree,1,206,2,Female,80,4,1,Research Scientist,1,Divorced,2061,5824,4,Y,No,14,3,3,80,2,7,1,3,0,0,0,0
40,No,Travel_Rarely,1263,Research & Development,2,4,Medical,1,207,4,Female,62,3,3,Healthcare Representative,2,Divorced,8770,5520,3,Y,No,11,3,3,80,2,20,5,4,1,1,1,1
40,No,Travel_Rarely,213,Sales,4,4,Life Sciences,1,208,2,Male,53,1,1,Sales Executive,3,Married,3200,3249,3,Y,No,19,3,3,80,1,22,0,3,3,1,3,1
40,No,Travel_Rarely,679,Sales,2,3,Technical Degree,1,209,3,Female,54,3,4,Sales Executive,1,Single,11600,24970,3,Y,No,20,3,1,80,1,18,5,3,2,2,0,2
60,No,Travel_Frequently,1489,Research & Development,1,3,Marketing,1,210,4,Female,57,2,2,Research Director,1,Married,5256,17565,0,Y,Yes,15,3,3,80,0,40,4,2,6,1,1,1
41,No,Travel_Frequently,790,Sales,20,3,Other,1,211,1,Male,36,2,2,Sales Representative,3,Married,5142,26227,6,Y,No,24,3,1,80,0,20,1,4,0,0,0,0
46,Yes,Travel_Rarely,736,Sales,7,3,Life Sciences,1,212,1,Female,65,2,4,Sales Executive,1,Married,12005,20458,2,Y,Yes,18,3,1,80,2,24,2,3,3,2,0,2
44,No,Travel_Rarely,922,Sales,1,2,Life Sciences,1,213,1,Male,39,3,4,Sales Representative,2,Married,8731,20888,5,Y,No,13,3,2,80,1,24,3,2,2,2,0,0
41,Yes,Travel_Frequently,974,Research & Development,1,4,Life Sciences,1,214,2,Male,65,1,2,Research Scientist,2,Divorced,6385,14997,5,Y,No,14,3,3,80,2,22,4,4,4,1,4,4
33,No,Travel_Rarely,1039,Research & Development,4,2,Technical Degree,1,215,4,Male,47,3,1,Manufacturing Director,2,Married,2684,4014,2,Y,Yes,14,3,2,80,0,12,1,4,0,0,0,0
42,No,Travel_Frequently,1041,Research & Development,1,1,Life Sciences,1,216,4,Female,35,1,3,Laboratory Technician,3,Divorced,8789,6944,3,Y,No,18,3,1,80,1,21,1,2,0,0,0,0
29,No,Travel_Rarely,1234,Research & Development,2,3,Life Sciences,1,217,4,Female,36,3,2,Healthcare Representative,1,Married,3991,2948,3,Y,No,22,3,2,80,1,8,2,3,2,2,0,0
33,No,Non-Travel,457,Research & Development,9,4,Other,1,218,4,Male,41,4,1,Manager,3,Married,2212,18490,2,Y,No,19,3,1,80,1,15,2,4,8,0,0,5
31,No,Travel_Frequently,1361,Research & Development,20,3,Life Sciences,1,219,1,Male,70,3,4,Research Director,2,Married,11471,12683,6,Y,No,13,3,3,80,2,13,4,4,5,2,5,5
36,No,Travel_Rarely,102,Research & Development,21,2,Technical Degree,1,220,2,Female,92,4,1,Research Director,4,Married,1541,16012,3,Y,Yes,17,3,3,80,3,17,1,4,0,0,0,0
56,Yes,Travel_Rarely,503,Sales,5,3,Life Sciences,1,221,1,Male,54,4,1,Sales Executive,4,Single,1444,6692,3,Y,No,19,3,3,80,0,36,0,3,0,0,0,0
19,Yes,Travel_Frequently,124,Research & Development,2,3,Technical Degree,1,222,1,Female,82,3,1,Laboratory Technician,4,Single,2124,26730,3,Y,No,12,4,4,80,0,0,2,2,0,0,0,0
42,No,Travel_Frequently,608,Sales,20,5,Medical,1,223,3,Female,62,3,2,Sales Executive,3,Divorced,5653,5240,2,Y,No,14,4,3,80,0,22,2,2,2,0,1,2
21,Yes,Non-Travel,795,Sales,12,5,Human Resources,1,224,2,Male,35,3,3,Sales Representative,1,Single,6693,11762,3,Y,No,13,3,4,80,1,0,5,3,0,0,0,0
31,No,Travel_Rarely,160,Research & Development,7,3,Other,1,225,3,Female,91,3,1,Research Director,3,Married,1863,15731,3,Y,No,18,4,3,80,0,10,0,4,1,1,0,1
45,No,Travel_Rarely,222,Sales,14,3,Life Sciences,1,226,1,Male,95,1,1,Sales Executive,4,Married,1990,23687,2,Y,No,14,3,2,80,2,24,1,3,2,2,0,2
36,No,Travel_Rarely,154,Research & Development,4,4,Life Sciences,1,227,3,Female,38,1,2,Research Director,4,Married,4430,20018,1,Y,No,19,3,3,80,1,18,2,1,4,4,2,0
26,No,Travel_Rarely,1286,Research & Development,1,1,Life Sciences,1,228,1,Female,96,4,3,Healthcare Representative,1,Married,7292,12130,1,Y,Yes,11,3,1,80,1,4,1,3,2,0,0,1
29,Yes,Non-Travel,1073,Sales,22,3,Marketing,1,229,3,Female,45,2,1,Manager,2,Single,3853,19916,2,Y,No,11,3,3,80,2,7,3,3,0,0,0,0
42,No,Travel_Rarely,1162,Research & Development,6,3,Human Resources,1,230,2,Male,84,3,4,Research Director,4,Married,15163,9608,0,Y,Yes,14,3,4,80,1,22,1,3,3,3,0,3
29,No,Travel_Rarely,1206,Sales,9,5,Medical,1,231,2,Female,69,4,1,Sales Executive,3,Married,3140,14409,0,Y,No,13,3,2,80,1,7,3,3,1,0,0,1
37,No,Travel_Rarely,645,Research & Development,3,1,Medical,1,232,2,Male,55,4,5,Research Scientist,3,Married,21966,19824,5,Y,No,13,3,2,80,0,19,1,2,9,9,1,2
36,Yes,Travel_Rarely,212,Sales,1,3,Life Sciences,1,233,1,Male,67,3,1,Sales Executive,3,Single,1875,22030,3,Y,Yes,20,3,3,80,1,16,4,2,7,0,0,1
30,No,Travel_Rarely,524,Research & Development,2,4,Technical Degree,1,234,2,Male,64,2,3,Research Scientist,1,Married,5555,13589,3,Y,No,22,3,3,80,1,11,2,4,1,1,1,1
55,No,Non-Travel,1017,Research & Development,1,3,Other,1,235,1,Male,97,3,1,Manufacturing Director,3,Single,1808,23983,1,Y,No,12,3,4,80,1,35,0,2,0,0,0,0
41,Yes,Travel_Rarely,329,Research & Development,1,1,Life Sciences,1,236,4,Male,88,3,1,Healthcare Representative,4,Single,3334,14437,2,Y,Yes,24,4,1,80,3,22,1,2,2,2,1,2
18,No,Travel_Rarely,1406,Sales,1,5,Medical,1,237,1,Female,43,4,4,Sales Representative,4,Single,10358,19999,3,Y,Yes,20,3,2,80,3,0,2,3,0,0,0,0
37,No,Travel_Rarely,1016,Sales,6,3,Life Sciences,1,238,4,Female,76,3,4,Sales Representative,1,Single,8245,11705,3,Y,No,20,4,3,80,2,16,2,4,13,1,0,0
30,No,Travel_Rarely,1410,Research & Development,29,4,Medical,1,239,3,Male,71,3,2,Research Scientist,4,Divorced,4461,26378,2,Y,No,12,3,3,80,0,11,3,2,1,1,0,0
43,No,Travel_Rarely,254,Research & Development,14,2,Medical,1,240,3,Female,80,3,3,Research Scientist,1,Single,7522,24680,2,Y,No,18,3,3,80,2,25,3,2,10,2,4,1
28,No,Travel_Rarely,264,Research & Development,1,3,Life Sciences,1,241,4,Male,48,3,2,Research Scientist,4,Divorced,5335,17376,3,Y,Yes,11,4,3,80,0,9,2,3,3,2,0,2
34,No,Travel_Rarely,1061,Sales,14,3,Medical,1,242,3,Female,95,3,4,Sales Executive,3,Divorced,12752,20982,0,Y,Yes,24,3,4,80,0,15,2,2,10,10,3,0
40,No,Non-Travel,1305,Research & Development,6,1,Life Sciences,1,243,2,Female,76,4,1,Laboratory Technician,4,Married,1982,13611,1,Y,No,18,4,2,80,0,20,2,4,6,6,0,1
43,Yes,Travel_Rarely,1362,Sales,8,1,Medical,1,244,1,Male,94,1,2,Sales Executive,3,Single,5857,21914,3,Y,No,20,3,2,80,0,22,2,3,6,6,0,2
25,No,Travel_Rarely,748,Sales,1,4,Medical,1,245,4,Female,71,3,2,Sales Executive,4,Married,4201,9590,1,Y,No,13,3,3,80,0,5,1,4,3,3,3,3
32,No,Travel_Rarely,1462,Research & Development,4,2,Life Sciences,1,246,1,Male,67,1,2,Research Scientist,4,Divorced,4804,20711,1,Y,No,12,3,3,80,1,12,1,2,9,0,1,0
31,No,Travel_Frequently,1037,Research & Development,17,2,Technical Degree,1,247,3,Male,42,4,4,Manufacturing Director,2,Married,14060,8565,2,Y,Yes,19,3,1,80,3,10,4,3,1,1,1,1
30,No,Travel_Frequently,611,Research & Development,4,3,Marketing,1,248,4,Female,73,4,1,Laboratory Technician,3,Single,2098,26151,2,Y,No,15,3,1,80,0,10,6,4,10,0,0,0
51,No,Travel_Rarely,1031,Sales,1,4,Life Sciences,1,249,3,Male,53,4,1,Sales Executive,3,Married,2144,20360,5,Y,No,24,3,4,80,3,30,1,1,5,5,0,0
39,No,Travel_Rarely,365,Research & Development,2,1,Life Sciences,1,250,2,Male,59,4,2,Laboratory Technician,1,Divorced,5739,3835,6,Y,Yes,15,4,2,80,0,21,1,1,2,0,1,0
24,No,Travel_Rarely,286,Research & Development,2,3,Technical Degree,1,251,1,Male,99,4,3,Manager,4,Divorced,6284,23283,4,Y,No,23,4,4,80,0,3,3,3,3,1,3,3
44,No,Travel_Rarely,1163,Sales,9,2,Other,1,252,1,Female,67,2,1,Sales Executive,2,Single,2259,18738,4,Y,No,16,3,4,80,1,22,3,3,9,0,0,0
55,No,Travel_Frequently,490,Research & Development,19,1,Life Sciences,1,253,3,Male,52,2,2,Laboratory Technician,1,Married,5694,11797,2,Y,No,14,3,3,80,1,34,2,3,7,0,5,0
45,Yes,Travel_Rarely,1383,Research & Development,10,1,Life Sciences,1,254,3,Male,86,3,4,Manufacturing Director,1,Single,18162,22857,2,Y,No,17,3,4,80,0,24,3,1,1,0,0,0
22,No,Travel_Rarely,754,Research & Development,14,4,Life Sciences,1,255,3,Female,52,1,1,Laboratory Technician,3,Single,2878,5195,3,Y,No,17,3,3,80,0,0,2,3,0,0,0,0
31,No,Travel_Frequently,275,Research & Development,13,2,Medical,1,256,1,Female,65,4,3,Research Director,4,Divorced,8945,15868,4,Y,No,21,3,1,80,1,10,1,3,6,0,0,6
47,Yes,Non-Travel,873,Sales,1,1,Life Sciences,1,257,2,Male,86,1,3,Sales Executive,3,Single,9061,11179,4,Y,No,19,3,3,80,0,28,2,4,4,2,1,0
29,No,Travel_Rarely,863,Research & Development,1,3,Life Sciences,1,258,4,Male,30,3,2,Laboratory Technician,2,Single,3658,10345,2,Y,No,16,3,4,80,2,9,3,3,9,5,0,1
39,No,Non-Travel,1452,Research & Development,4,4,Marketing,1,259,1,Male,32,3,4,Research Scientist,2,Single,12346,2906,2,Y,No,23,3,4,80,1,19,1,3,0,0,0,0
42,Yes,Travel_Rarely,1030,Sales,1,2,Medical,1,260,2,Male,43,2,3,Sales Representative,4,Divorced,7940,13955,1,Y,Yes,11,3,4,80,0,24,5,3,0,0,0,0
27,Yes,Travel_Rarely,1323,Research & Development,10,3,Medical,1,261,1,Male,63,1,2,Research Scientist,1,Divorced,5401,17768,0,Y,No,19,3,4,80,2,9,2,3,4,4,2,0
35,Yes,Travel_Rarely,810,Human Resources,1,1,Medical,1,262,1,Female,99,2,2,Human Resources,4,Married,5145,9198,1,Y,Yes,22,3,2,80,0,13,3,2,0,0,0,0
18,No,Travel_Frequently,1319,Human Resources,4,3,Medical,1,263,4,Female,98,2,3,Human Resources,4,Married,8759,3620,2,Y,No,23,3,4,80,2,0,1,2,0,0,0,0
26,Yes,Travel_Rarely,925,Research & Development,3,3,Life Sciences,1,264,1,Female,80,4,2,Laboratory Technician,3,Single,4610,13820,6,Y,Yes,20,3,3,80,2,8,4,4,1,1,1,1
33,No,Travel_Rarely,688,Research & Development,6,3,Life Sciences,1,265,3,Male,58,2,4,Research Scientist,4,Married,12175,13766,3,Y,No,19,3,4,80,3,13,3,3,0,0,0,0
24,Yes,Travel_Frequently,630,Sales,7,3,Human Resources,1,266,2,Female,77,1,2,Sales Representative,1,Married,3465,22802,3,Y,No,15,3,2,80,1,6,1,3,2,2,2,0
50,No,Travel_Rarely,1185,Research & Development,23,3,Life Sciences,1,267,3,Male,45,4,1,Manufacturing Director,4,Single,2300,10523,6,Y,No,17,3,4,80,1,32,2,3,3,0,0,3
23,No,Travel_Rarely,1450,Research & Development,2,1,Marketing,1,268,4,Female,86,3,1,Research Scientist,2,Married,3369,6338,1,Y,No,11,3,3,80,0,2,0,4,0,0,0,0
32,Yes,Travel_Rarely,380,Sales,8,3,Other,1,269,2,Female,39,4,1,Sales Executive,3,Divorced,2699,17911,3,Y,No,14,3,2,80,1,14,4,3,0,0,0,0
37,Yes,Non-Travel,326,Research & Development,1,1,Life Sciences,1,270,1,Male,48,4,1,Manufacturing Director,3,Single,2486,18813,1,Y,Yes,22,3,1,80,1,15,1,4,2,0,1,0
48,No,Travel_Rarely,738,Sales,1,4,Medical,1,271,2,Female,96,4,4,Sales Executive,3,Single,17688,7301,1,Y,No,20,3,4,80,1,28,1,2,7,3,4,4
23,Yes,Travel_Rarely,1181,Research & Development,1,5,Medical,1,272,3,Male,65,4,3,Laboratory Technician,2,Single,5278,17144,6,Y,Yes,14,3,3,80,2,1,4,2,1,1,0,0
46,No,Non-Travel,1020,Research & Development,4,5,Human Resources,1,273,3,Female,33,2,3,Laboratory Technician,4,Single,5781,15784,1,Y,No,15,3,3,80,0,24,1,3,0,0,0,0
36,No,Non-Travel,576,Research & Development,6,5,Other,1,274,4,Male,62,3,2,Manufacturing Director,4,Divorced,7140,4423,4,Y,No,16,4,2,80,2,17,2,4,3,1,3,0
27,No,Travel_Rarely,1499,Human Resources,1,4,Marketing,1,275,1,Male,57,3,4,Manager,4,Married,12137,10272,1,Y,No,14,3,3,80,2,6,3,4,1,1,1,0
40,No,Non-Travel,815,Sales,4,4,Life Sciences,1,276,4,Female,38,3,2,Sales Representative,3,Married,4696,3573,3,Y,No,16,3,4,80,1,18,2,2,2,2,2,1
37,No,Non-Travel,342,Sales,1,2,Marketing,1,277,1,Male,35,2,4,Sales Executive,3,Married,8402,26419,5,Y,No,20,3,1,80,1,18,2,3,13,4,0,5
30,No,Travel_Rarely,466,Research & Development,8,4,Medical,1,278,1,Female,78,2,2,Laboratory Technician,4,Single,5559,18803,1,Y,No,17,3,4,80,0,10,6,3,2,1,0,1
36,No,Travel_Frequently,1035,Research & Development,7,3,Medical,1,279,3,Male,51,4,4,Research Director,4,Married,13633,2466,2,Y,No,13,4,3,80,3,16,5,2,2,1,0,0
32,No,Travel_Rarely,937,Research & Development,12,3,Life Sciences,1,280,4,Female,77,2,3,Research Scientist,3,Married,5811,17787,8,Y,Yes,19,3,4,80,0,13,6,2,1,1,1,1
37,Yes,Travel_Rarely,1375,Research & Development,6,4,Life Sciences,1,281,2,Female,50,1,1,Manager,4,Married,2412,7176,2,Y,No,18,3,3,80,1,15,5,3,15,4,3,3
41,No,Travel_Rarely,1005,Research & Development,7,2,Technical Degree,1,282,2,Male,62,3,2,Research Director,3,Divorced,4580,5393,3,Y,Yes,11,3,2,80,1,19,6,4,3,3,0,3
50,No,Non-Travel,1445,Research & Development,2,3,Medical,1,283,3,Male,85,4,2,Research Scientist,2,Married,5319,11757,2,Y,No,23,3,2,80,3,29,2,2,4,2,1,1
24,No,Travel_Rarely,475,Research & Development,1,5,Life Sciences,1,284,4,Male,58,4,1,Research Director,4,Married,1800,25817,3,Y,No,12,3,2,80,2,3,4,3,3,3,3,0
55,No,Travel_Rarely,810,Sales,10,1,Medical,1,285,4,Male,82,3,2,Sales Executive,4,Divorced,6564,25778,5,Y,No,12,3,2,80,1,35,3,3,1,1,0,1
18,Yes,Travel_Frequently,442,Research & Development,7,3,Technical Degree,1,286,2,Male,69,4,1,Healthcare Representative,2,Single,3072,17164,2,Y,Yes,20,3,3,80,0,0,0,4,0,0,0,0
34,Yes,Non-Travel,339,Human Resources,22,5,Technical Degree,1,287,4,Female,47,1,1,Human Resources,1,Single,2273,14222,3,Y,No,19,3,1,80,0,15,4,3,0,0,0,0
41,No,Travel_Rarely,238,Research & Development,29,4,Life Sciences,1,288,2,Female,76,3,4,Laboratory Technician,3,Single,11350,20419,4,Y,No,22,3,4,80,0,21,3,1,5,1,0,2
38,No,Travel_Rarely,1245,Research & Development,15,3,Life Sciences,1,289,3,Female,42,2,3,Manufacturing Director,4,Married,7727,20016,2,Y,No,19,3,4,80,2,16,2,3,4,4,0,1
30,Yes,Travel_Frequently,519,Research & Development,29,2,Life Sciences,1,290,1,Female,56,3,4,Healthcare Representative,2,Married,9665,20368,2,Y,Yes,19,3,4,80,2,10,0,4,0,0,0,0
34,Yes,Travel_Rarely,403,Research & Development,8,3,Other,1,291,1,Female,91,4,3,Research Scientist,4,Married,7113,25505,1,Y,Yes,11,3,4,80,2,16,2,4,0,0,0,0
31,No,Travel_Frequently,214,Research & Development,1,4,Medical,1,292,4,Female,74,1,2,Laboratory Technician,3,Divorced,4662,2003,1,Y,Yes,17,4,3,80,1,11,3,4,5,1,0,2
30,Yes,Travel_Rarely,442,Research & Development,1,3,Medical,1,293,3,Male,32,3,2,Research Scientist,2,Married,7016,9477,3,Y,Yes,22,4,2,80,1,9,2,3,1,0,1,1
43,Yes,Travel_Rarely,1374,Research & Development,13,3,Medical,1,294,1,Female,51,4,3,Laboratory Technician,1,Married,9893,7998,5,Y,Yes,21,3,3,80,0,24,3,1,1,1,1,1
39,No,Travel_Frequently,106,Sales,2,1,Life Sciences,1,295,4,Female,56,4,5,Sales Executive,4,Single,20972,2602,1,Y,No,23,4,4,80,0,17,4,4,0,0,0,0
29,Yes,Travel_Rarely,830,Sales,1,1,Technical Degree,1,296,3,Male,84,1,1,Sales Executive,2,Single,2731,9256,1,Y,Yes,13,3,4,80,0,7,3,4,7,1,3,1
44,Yes,Travel_Frequently,278,Sales,5,5,Medical,1,297,2,Male,96,2,4,Sales Executive,2,Married,8648,12559,3,Y,Yes,21,3,2,80,2,23,4,2,10,2,6,0
38,Yes,Non-Travel,1268,Research & Development,3,3,Life Sciences,1,298,3,Male,62,1,4,Research Scientist,2,Married,11875,15686,6,Y,Yes,19,3,3,80,0,17,5,1,8,2,0,3
43,No,Non-Travel,515,Research & Development,7,4,Life Sciences,1,299,3,Male,31,1,3,Research Scientist,2,Divorced,9940,15973,0,Y,No,18,3,3,80,2,22,2,2,3,2,0,0
41,No,Travel_Rarely,765,Research & Development,7,1,Medical,1,300,2,Female,75,4,4,Research Scientist,1,Single,8225,8714,2,Y,No,13,3,3,80,1,23,2,4,3,2,0,1
28,Yes,Travel_Rarely,1244,Research & Development,9,4,Other,1,301,4,Male,62,3,2,Laboratory Technician,2,Single,5795,10376,0,Y,No,11,3,1,80,1,9,4,2,1,0,1,1
30,No,Travel_Rarely,1247,Research & Development,6,5,Life Sciences,1,302,3,Male,87,4,5,Manager,3,Married,25000,13701,2,Y,No,19,3,3,80,0,12,2,4,0,0,0,0
42,Yes,Non-Travel,249,Research & Development,3,3,Technical Degree,1,303,4,Female,36,3,3,Research Scientist,3,Single,10123,16891,1,Y,No,23,4,4,80,0,21,1,1,8,4,6,4
41,No,Travel_Rarely,496,Research & Development,1,2,Technical Degree,1,304,3,Male,44,2,1,Research Director,1,Single,3383,5251,1,Y,Yes,20,3,4,80,0,22,0,1,8,2,3,3
35,No,Non-Travel,480,Research & Development,18,3,Life Sciences,1,305,3,Male,55,4,4,Manufacturing Director,4,Married,12655,21531,3,Y,No,11,3,3,80,2,14,2,4,7,3,0,7
37,No,Travel_Frequently,938,Research & Development,3,4,Life Sciences,1,306,1,Male,40,3,2,Manufacturing Director,2,Single,6209,10144,1,Y,No,13,3,4,80,0,18,2,4,3,2,3,2
47,No,Travel_Rarely,100,Sales,5,3,Life Sciences,1,307,3,Female,67,2,2,Sales Representative,4,Married,4102,18438,1,Y,No,23,3,4,80,2,25,2,3,9,0,0,2
30,No,Travel_Rarely,343,Sales,6,5,Marketing,1,308,4,Female,56,4,2,Sales Representative,2,Single,5994,11916,4,Y,No,16,3,4,80,2,12,1,2,12,4,0,0
40,Yes,Travel_Rarely,1374,Human Resources,3,4,Life Sciences,1,309,1,Male,36,2,1,Human Resources,4,Single,2908,4910,4,Y,Yes,16,3,3,80,0,19,2,2,1,0,1,1
34,Yes,Travel_Frequently,978,Sales,2,5,Medical,1,310,3,Female,30,3,2,Sales Executive,2,Married,5362,20254,2,Y,Yes,24,3,3,80,2,13,1,1,1,1,1,0
34,No,Travel_Rarely,1422,Research & Development,2,4,Medical,1,311,1,Male,50,1,4,Manufacturing Director,3,Divorced,15948,13482,2,Y,No,21,3,2,80,1,14,2,3,3,0,0,3
45,No,Travel_Rarely,859,Sales,2,2,Marketing,1,312,4,Female,59,3,1,Sales Representative,2,Married,2163,5348,3,Y,No,20,3,3,80,2,23,6,3,0,0,0,0
43,No,Travel_Rarely,1053,Sales,1,3,Life Sciences,1,313,4,Female,37,4,1,Sales Representative,2,Married,2383,19985,1,Y,No,14,3,3,80,0,22,5,3,10,0,3,2
43,No,Travel_Frequently,1420,Research & Development,25,2,Medical,1,314,3,Female,32,4,1,Research Scientist,3,Single,2559,24151,6,Y,No,12,3,2,80,0,25,2,3,2,2,0,0
47,No,Travel_Rarely,1076,Research & Development,7,5,Medical,1,315,1,Male,84,2,2,Manufacturing Director,4,Married,3712,7830,1,Y,Yes,23,3,4,80,0,25,4,3,4,4,0,2
36,No,Travel_Rarely,1238,Human Resources,1,4,Medical,1,316,3,Female,44,4,3,Human Resources,4,Single,8453,13529,4,Y,Yes,20,4,2,80,0,15,6,4,4,0,2,1
42,Yes,Travel_Rarely,100,Research & Development,7,4,Technical Degree,1,317,4,Female,65,2,3,Laboratory Technician,3,Married,4562,10120,3,Y,Yes,16,3,1,80,2,24,1,3,3,1,3,1
33,No,Travel_Rarely,652,Sales,2,3,Life Sciences,1,318,4,Male,35,4,4,Sales Executive,2,Married,15140,25427,6,Y,No,20,3,3,80,2,13,2,3,0,0,0,0
38,No,Non-Travel,581,Research & Development,2,2,Technical Degree,1,319,1,Female,71,4,2,Manufacturing Director,4,Divorced,5058,20474,3,Y,No,15,3,3,80,3,18,2,3,18,4,0,3
34,Yes,Travel_Rarely,699,Research & Development,12,4,Marketing,1,320,4,Male,79,3,1,Research Director,4,Married,2174,7480,6,Y,No,23,3,2,80,0,16,3,3,0,0,0,0
36,No,Travel_Rarely,862,Research & Development,17,3,Medical,1,321,1,Female,47,4,4,Laboratory Technician,2,Single,9496,11443,4,Y,Yes,16,3,2,80,0,14,5,4,6,2,2,2
41,No,Travel_Rarely,434,Research & Development,9,2,Marketing,1,322,4,Male,79,3,3,Healthcare Representative,4,Single,7530,8370,2,Y,No,17,4,2,80,1,23,2,4,7,0,1,1
28,No,Travel_Frequently,564,Sales,21,4,Medical,1,323,4,Female,59,2,2,Sales Executive,4,Divorced,5860,23566,3,Y,No,21,3,2,80,0,10,3,3,0,0,0,0
54,No,Travel_Rarely,1264,Human Resources,18,1,Life Sciences,1,324,4,Male,68,2,3,Human Resources,1,Married,9095,2170,6,Y,Yes,19,4,2,80,0,34,2,3,13,2,3,5
26,No,Travel_Rarely,682,Research & Development,6,3,Marketing,1,325,3,Male,41,4,4,Research Scientist,1,Married,9883,4809,3,Y,No,22,3,3,80,1,6,1,4,3,3,2,0
25,Yes,Non-Travel,236,Research & Development,19,3,Medical,1,326,3,Male,88,4,3,Research Scientist,1,Single,6307,8993,1,Y,No,22,4,1,80,0,5,3,4,4,4,4,4
46,No,Travel_Frequently,1103,Sales,6,2,Medical,1,327,4,Male,73,3,2,Sales Executive,4,Married,5821,26313,2,Y,No,24,4,1,80,1,25,1,3,5,0,5,0
43,Yes,Non-Travel,1049,Research & Development,1,5,Life Sciences,1,328,3,Male,33,2,3,Laboratory Technician,4,Single,6555,25095,2,Y,Yes,17,4,4,80,0,22,3,4,3,2,3,3
41,No,Travel_Frequently,786,Research & Development,14,2,Human Resources,1,329,1,Male,65,2,1,Manufacturing Director,4,Divorced,2537,13946,3,Y,No,14,3,3,80,1,22,3,3,0,0,0,0
41,No,Travel_Rarely,266,Research & Development,1,2,Medical,1,330,4,Male,77,2,2,Manufacturing Director,3,Married,5154,5991,2,Y,No,20,3,2,80,2,20,1,2,6,2,6,1
35,No,Travel_Rarely,1466,Sales,3,2,Life Sciences,1,331,2,Male,43,2,2,Sales Executive,2,Divorced,5390,25519,6,Y,No,15,3,1,80,0,13,2,2,4,0,1,4
27,No,Travel_Rarely,1009,Sales,3,4,Medical,1,332,3,Male,78,3,1,Sales Executive,1,Single,3036,2826,1,Y,No,23,3,2,80,3,5,2,3,0,0,0,0
36,Yes,Travel_Frequently,979,Research & Development,13,3,Technical Degree,1,333,1,Female,96,1,1,Research Scientist,4,Married,1710,11857,3,Y,Yes,16,3,4,80,1,16,3,3,6,6,2,6
29,Yes,Travel_Frequently,941,Research & Development,1,3,Technical Degree,1,334,1,Male,38,1,1,Laboratory Technician,4,Married,1305,18513,6,Y,No,23,3,2,80,3,11,1,4,6,6,1,0
44,No,Travel_Frequently,164,Human Resources,4,1,Medical,1,335,3,Female,50,3,3,Human Resources,2,Single,6865,19801,1,Y,No,19,3,4,80,0,24,2,2,3,3,0,1
34,No,Travel_Rarely,1190,Sales,4,1,Human Resources,1,336,3,Female,45,1,3,Sales Executive,1,Divorced,11603,8798,2,Y,Yes,15,3,2,80,1,16,6,3,0,0,0,0
28,No,Non-Travel,532,Research & Development,6,3,Life Sciences,1,337,2,Female,45,4,5,Research Director,2,Divorced,25000,25157,5,Y,No,15,3,3,80,1,8,1,3,2,1,0,0
33,No,Travel_Rarely,1173,Research & Development,3,4,Medical,1,338,2,Male,57,2,2,Healthcare Representative,1,Divorced,7288,19791,3,Y,No,17,3,4,80,2,13,6,4,0,0,0,0
39,Yes,Travel_Rarely,1437,Sales,6,5,Human Resources,1,339,2,Female,80,3,2,Sales Executive,1,Married,4758,7136,2,Y,No,12,4,4,80,1,17,1,3,3,1,0,0
30,No,Travel_Rarely,1432,Research & Development,29,1,Human Resources,1,340,4,Male,85,3,4,Laboratory Technician,2,Single,6653,19421,1,Y,Yes,13,3,2,80,1,12,3,3,11,0,5,11
28,Yes,Travel_Rarely,214,Research & Development,1,3,Marketing,1,341,2,Male,86,2,1,Laboratory Technician,2,Single,1035,14491,2,Y,Yes,22,4,1,80,3,9,3,3,0,0,0,0
38,No,Travel_Rarely,668,Research & Development,16,5,Technical Degree,1,342,4,Male,81,4,3,Healthcare Representative,4,Divorced,6771,9546,2,Y,Yes,12,4,3,80,0,19,1,2,1,1,0,1
38,No,Non-Travel,1465,Research & Development,2,3,Life Sciences,1,343,1,Female,75,3,3,Laboratory Technician,4,Single,7603,7903,4,Y,Yes,20,3,3,80,0,18,1,4,8,8,1,0
31,No,Travel_Rarely,741,Research & Development,5,4,Technical Degree,1,344,4,Male,67,2,1,Research Scientist,4,Married,3312,15855,3,Y,Yes,20,3,4,80,1,11,2,2,0,0,0,0
31,Yes,Travel_Frequently,594,Research & Development,10,2,Life Sciences,1,345,3,Male,77,4,4,Manufacturing Director,3,Married,14603,18406,4,Y,No,22,3,3,80,1,9,1,3,0,0,0,0
38,No,Travel_Rarely,1392,Sales,19,5,Life Sciences,1,346,2,Female,70,4,3,Sales Executive,4,Married,8454,16949,4,Y,No,24,4,1,80,1,20,6,3,4,4,0,4
22,Yes,Travel_Frequently,1040,Research & Development,1,4,Life Sciences,1,347,1,Female,88,4,1,Research Scientist,3,Divorced,1943,11825,3,Y,Yes,12,3,3,80,1,2,3,1,2,0,0,2
23,Yes,Travel_Rarely,1203,Research & Development,8,5,Medical,1,348,4,Male,96,2,1,Laboratory Technician,1,Single,1899,8287,2,Y,Yes,13,3,1,80,3,4,3,3,4,2,4,1
29,No,Non-Travel,1422,Research & Development,1,4,Life Sciences,1,349,4,Male,95,3,1,Laboratory Technician,3,Married,2658,14193,1,Y,No,16,3,3,80,2,11,3,3,7,3,1,2
34,No,Travel_Frequently,1067,Sales,5,3,Life Sciences,1,350,4,Female,56,3,2,Sales Executive,2,Single,5871,3405,2,Y,No,15,3,3,80,0,14,5,1,2,1,2,2
38,No,Non-Travel,921,Sales,11,5,Life Sciences,1,351,3,Male,61,2,2,Sales Executive,1,Married,5489,11670,2,Y,No,21,3,2,80,0,20,1,4,10,9,1,2
49,No,Travel_Rarely,301,Research & Development,1,2,Life Sciences,1,352,1,Male,85,3,2,Laboratory Technician,3,Single,3706,24851,2,Y,No,24,3,4,80,3,27,3,3,0,0,0,0
43,Yes,Non-Travel,748,Sales,11,3,Medical,1,353,2,Male,39,4,1,Sales Executive,1,Married,2906,19578,4,Y,Yes,23,3,3,80,2,24,3,3,1,1,1,0
34,No,Travel_Rarely,659,Research & Development,2,4,Medical,1,354,2,Female,69,3,4,Healthcare Representative,4,Divorced,13277,10767,3,Y,Yes,15,3,4,80,3,16,1,2,2,0,0,2
35,Yes,Travel_Rarely,1141,Human Resources,7,4,Life Sciences,1,355,1,Female,46,4,2,Human Resources,4,Divorced,3661,9923,2,Y,No,12,4,3,80,0,16,0,3,0,0,0,0
26,Yes,Travel_Rarely,577,Research & Development,8,5,Technical Degree,1,356,3,Female,87,4,1,Research Scientist,1,Single,2009,3606,4,Y,Yes,12,3,4,80,2,6,2,3,2,1,0,2
35,No,Travel_Frequently,587,Sales,8,2,Human Resources,1,357,3,Female,35,4,1,Sales Representative,1,Married,2930,10643,2,Y,No,22,4,3,80,2,14,6,4,4,3,3,2
33,No,Travel_Frequently,1082,Research & Development,1,4,Technical Degree,1,358,4,Male,68,3,2,Healthcare Representative,1,Divorced,4706,10316,1,Y,No,11,3,4,80,0,15,3,3,3,3,2,0
38,No,Travel_Rarely,878,Research & Development,1,4,Life Sciences,1,359,1,Male,47,1,2,Healthcare Representative,4,Single,6986,13646,3,Y,No,13,3,3,80,1,19,1,2,1,1,0,0
28,No,Travel_Rarely,439,Human Resources,15,1,Technical Degree,1,360,2,Male,71,4,1,Human Resources,1,Single,2813,12556,1,Y,Yes,22,3,1,80,1,10,2,3,6,2,0,6
40,No,Travel_Frequently,711,Research & Development,22,3,Life Sciences,1,361,2,Male,33,2,1,Research Scientist,3,Single,2195,12058,1,Y,No,22,4,1,80,1,20,2,3,6,0,5,0
49,No,Travel_Rarely,215,Research & Development,6,2,Life Sciences,1,362,4,Male,49,2,3,Manufacturing Director,1,Married,7979,8250,2,Y,No,21,3,4,80,2,29,1,4,1,1,0,1
35,No,Travel_Rarely,173,Research & Development,7,3,Life Sciences,1,363,4,Female,57,3,5,Manufacturing Director,2,Single,17269,3683,5,Y,No,24,3,3,80,2,16,1,4,1,1,1,1
39,No,Travel_Rarely,1392,Sales,11,5,Technical Degree,1,364,2,Female,69,4,1,Sales Executive,4,Divorced,2044,13726,3,Y,No,17,4,1,80,2,17,3,4,1,1,1,1
42,No,Travel_Frequently,215,Research & Development,4,4,Life Sciences,1,365,3,Female,94,3,2,Research Director,3,Married,3859,21135,0,Y,No,21,3,4,80,2,24,4,4,0,0,0,0
32,No,Travel_Rarely,1287,Research & Development,3,4,Life Sciences,1,366,3,Male,73,3,2,Research Scientist,4,Married,5876,25888,3,Y,Yes,15,3,2,80,1,14,1,3,6,0,0,4
38,No,Travel_Rarely,1345,Human Resources,11,5,Life Sciences,1,367,3,Female,52,4,3,Manager,4,Single,9690,9663,2,Y,Yes,17,3,4,80,0,18,5,2,0,0,0,0
36,No,Travel_Rarely,225,Research & Development,1,3,Technical Degree,1,368,2,Female,86,4,2,Healthcare Representative,3,Married,5754,26937,2,Y,Yes,19,3,3,80,2,18,5,3,0,0,0,0
36,No,Travel_Rarely,756,Research & Development,17,4,Medical,1,369,3,Male,76,3,4,Manufacturing Director,4,Married,16545,15083,6,Y,No,16,3,1,80,1,17,1,3,0,0,0,0
29,No,Travel_Rarely,1299,Sales,4,3,Life Sciences,1,370,1,Female,42,3,2,Manager,4,Married,4322,21106,0,Y,Yes,12,3,1,80,0,8,1,2,8,3,0,4
36,Yes,Non-Travel,763,Research & Development,5,5,Medical,1,371,4,Male,45,3,2,Manufacturing Director,4,Married,7092,24023,3,Y,No,11,3,3,80,1,16,2,2,0,0,0,0
40,No,Non-Travel,1498,Research & Development,8,2,Medical,1,372,2,Male,84,2,3,Research Scientist,4,Married,6198,15146,2,Y,No,11,3,4,80,0,19,0,4,5,1,0,4
49,No,Non-Travel,1090,Research & Development,2,5,Marketing,1,373,3,Male,94,4,5,Laboratory Technician,4,Divorced,12696,13253,1,Y,No,20,3,3,80,1,31,2,4,0,0,0,0
44,No,Travel_Rarely,1117,Sales,7,2,Life Sciences,1,374,3,Male,45,4,3,Sales Executive,1,Divorced,4480,17736,3,Y,No,19,3,4,80,0,22,2,3,7,7,0,5
55,No,Travel_Rarely,958,Research & Development,9,3,Technical Degree,1,375,4,Male,66,4,1,Laboratory Technician,4,Married,2221,5223,3,Y,No,24,4,3,80,0,36,4,2,12,1,4,0
29,Yes,Travel_Rarely,184,Sales,1,4,Life Sciences,1,376,1,Female,81,3,2,Sales Representative,2,Single,4370,7441,0,Y,No,16,3,2,80,3,11,1,3,3,1,1,0
43,No,Travel_Rarely,732,Sales,5,3,Marketing,1,377,3,Female,39,4,2,Sales Executive,2,Single,5657,11822,6,Y,No,16,3,4,80,2,24,2,2,8,1,0,0
37,No,Travel_Rarely,550,Research & Development,3,4,Life Sciences,1,378,4,Female,67,4,1,Laboratory Technician,3,Single,2652,9381,2,Y,No,14,3,3,80,2,19,5,2,6,1,0,0
55,No,Travel_Rarely,617,Sales,6,3,Medical,1,379,2,Female,73,4,3,Sales Representative,1,Married,5614,14863,4,Y,No,22,4,1,80,1,37,4,2,7,3,1,2
28,No,Travel_Rarely,945,Research & Development,1,4,Life Sciences,1,380,3,Male,83,4,3,Research Director,3,Married,7214,7184,1,Y,No,24,3,2,80,2,10,2,3,7,1,2,0
28,No,Travel_Rarely,794,Research & Development,10,2,Medical,1,381,1,Female,80,4,3,Research Scientist,1,Married,7257,18653,3,Y,No,12,3,3,80,2,8,0,3,1,1,1,0
30,No,Travel_Rarely,649,Sales,1,1,Life Sciences,1,382,4,Male,81,2,5,Sales Executive,4,Divorced,9452,26088,4,Y,No,20,4,3,80,1,9,1,2,3,3,2,0
18,No,Travel_Rarely,1028,Human Resources,9,2,Technical Degree,1,383,1,Male,99,4,1,Human Resources,4,Divorced,1886,24499,3,Y,No,13,3,2,80,3,0,0,2,0,0,0,0
31,No,Travel_Rarely,215,Research & Development,11,3,Life Sciences,1,384,3,Male,88,3,4,Manufacturing Director,3,Divorced,9687,11315,5,Y,No,13,3,3,80,0,10,0,3,2,0,0,1
29,No,Non-Travel,1131,Research & Development,11,2,Marketing,1,385,2,Male,42,3,3,Research Scientist,3,Single,10867,25682,0,Y,No,18,3,3,80,3,8,1,3,8,3,4,1
37,No,Travel_Rarely,1341,Research & Development,13,3,Technical Degree,1,386,2,Male,70,4,2,Manufacturing Director,1,Married,5239,6533,3,Y,No,16,3,2,80,1,18,1,4,4,4,4,4
39,No,Travel_Rarely,503,Research & Development,2,3,Medical,1,387,3,Male,41,2,3,Research Scientist,4,Single,9324,19426,4,Y,No,17,3,2,80,1,19,3,3,3,0,0,1
52,No,Travel_Rarely,403,Research & Development,27,1,Technical Degree,1,388,3,Male,79,1,1,Research Scientist,2,Single,1563,16560,1,Y,No,19,4,4,80,0,32,1,3,5,0,0,1
44,No,Travel_Rarely,839,Research & Development,1,3,Marketing,1,389,2,Female,86,4,3,Research Director,2,Single,10388,3641,0,Y,No,11,3,4,80,1,26,2,3,8,3,2,8
30,No,Travel_Rarely,187,Sales,5,5,Life Sciences,1,390,2,Male,79,4,2,Sales Executive,4,Married,6626,17925,3,Y,Yes,12,3,2,80,1,9,3,3,2,2,2,0
27,No,Travel_Rarely,1133,Research & Development,2,2,Technical Degree,1,391,3,Male,86,4,1,Laboratory Technician,3,Married,1251,24987,0,Y,No,19,4,2,80,3,5,1,3,0,0,0,0
40,No,Travel_Frequently,407,Research & Development,10,3,Life Sciences,1,392,2,Male,83,4,3,Research Scientist,1,Divorced,6589,12633,3,Y,Yes,15,4,2,80,3,21,2,4,6,0,1,2
24,Yes,Travel_Frequently,533,Sales,13,4,Medical,1,393,1,Female,95,4,3,Sales Executive,4,Single,8991,5297,0,Y,No,14,3,1,80,3,4,2,4,4,0,3,4
52,No,Travel_Rarely,901,Sales,13,3,Technical Degree,1,394,4,Male,37,4,1,Sales Executive,4,Married,2902,25439,2,Y,No,11,3,2,80,0,34,2,2,4,4,0,4
46,No,Travel_Frequently,263,Research & Development,2,4,Medical,1,395,4,Male,92,1,1,Laboratory Technician,3,Married,2075,19767,4,Y,Yes,19,3,3,80,3,24,4,4,1,1,1,0
31,No,Travel_Rarely,1362,Research & Development,2,3,Life Sciences,1,396,1,Male,38,3,2,Research Scientist,1,Single,4618,5996,4,Y,No,21,3,3,80,1,10,3,4,1,1,0,1
20,Yes,Travel_Rarely,1440,Research & Development,9,3,Medical,1,397,1,Male,89,3,2,Laboratory Technician,3,Married,4253,2014,3,Y,Yes,23,3,3,80,2,0,0,4,0,0,0,0
48,No,Travel_Frequently,1095,Research & Development,21,1,Technical Degree,1,398,1,Male,92,2,4,Manufacturing Director,4,Single,12331,16895,2,Y,No,19,3,1,80,0,28,3,3,0,0,0,0
34,No,Travel_Rarely,755,Research & Development,2,4,Other,1,399,4,Male,32,4,4,Healthcare Representative,1,Married,15591,3674,2,Y,Yes,14,3,3,80,1,15,3,4,3,3,1,0
47,Yes,Travel_Rarely,1458,Sales,19,4,Medical,1,400,4,Male,42,3,2,Sales Executive,1,Married,4036,7099,4,Y,No,19,3,2,80,3,26,6,3,0,0,0,0
21,No,Non-Travel,117,Research & Development,7,1,Marketing,1,401,2,Male,38,4,3,Laboratory Technician,3,Single,10001,22001,2,Y,No,20,3,2,80,3,2,3,2,1,1,1,0
30,No,Travel_Rarely,1194,Research & Development,10,3,Human Resources,1,402,4,Male,81,3,2,Research Scientist,3,Single,4022,26483,3,Y,Yes,23,3,4,80,1,8,1,4,1,0,1,0
36,No,Non-Travel,1298,Research & Development,4,5,Life Sciences,1,403,4,Female,91,3,3,Research Scientist,4,Married,6304,24941,3,Y,No,11,3,1,80,2,14,4,3,1,1,1,0
36,No,Travel_Rarely,910,Research & Development,13,3,Life Sciences,1,404,4,Male,37,3,1,Research Scientist,4,Divorced,3011,23858,1,Y,Yes,15,3,2,80,0,18,4,2,7,0,0,0
31,Yes,Travel_Frequently,438,Research & Development,28,3,Marketing,1,405,4,Male,74,4,2,Research Scientist,4,Married,6152,19864,0,Y,No,11,3,3,80,2,10,4,4,2,0,2,0
41,No,Travel_Rarely,347,Human Resources,1,5,Technical Degree,1,406,4,Male,82,3,3,Human Resources,3,Married,9702,26082,4,Y,No,14,3,3,80,1,19,1,4,2,2,0,1
26,Yes,Travel_Rarely,1316,Research & Development,3,4,Technical Degree,1,407,2,Female,92,3,1,Laboratory Technician,4,Married,1677,21430,4,Y,No,22,4,1,80,0,6,2,4,3,2,1,0
34,Yes,Travel_Frequently,1448,Research & Development,15,3,Medical,1,408,1,Male,86,4,3,Laboratory Technician,1,Divorced,7068,9363,5,Y,No,15,3,1,80,0,14,1,4,11,6,1,7
37,No,Travel_Rarely,405,Research & Development,1,4,Life Sciences,1,409,4,Male,83,3,4,Research Director,2,Divorced,14468,7957,5,Y,No,24,3,3,80,0,18,5,3,5,1,0,0
40,No,Travel_Rarely,303,Sales,4,5,Medical,1,410,2,Female,48,2,2,Sales Executive,3,Married,5051,6210,1,Y,No,21,3,4,80,2,20,3,3,0,0,0,0
42,Yes,Travel_Rarely,952,Research & Development,1,3,Life Sciences,1,411,2,Male,96,3,2,Manufacturing Director,4,Married,3657,17776,4,Y,Yes,13,3,4,80,0,20,1,4,0,0,0,0
25,No,Non-Travel,1246,Research & Development,8,3,Life Sciences,1,412,1,Male,75,2,4,Healthcare Representative,3,Divorced,13374,23855,1,Y,No,12,3,4,80,1,5,3,2,4,1,0,4
22,No,Travel_Frequently,546,Sales,2,3,Technical Degree,1,413,4,Male,39,4,3,Sales Representative,3,Married,6570,19359,2,Y,No,16,4,2,80,0,1,2,4,1,1,1,1
47,No,Travel_Rarely,812,Research & Development,3,5,Life Sciences,1,414,3,Female,47,3,1,Research Scientist,2,Married,3621,20069,7,Y,No,21,3,2,80,1,28,2,3,1,0,1,1
38,Yes,Travel_Rarely,532,Research & Development,5,4,Technical Degree,1,415,2,Male,41,4,1,Research Scientist,1,Single,3465,4083,3,Y,Yes,23,3,1,80,2,17,2,4,1,1,0,1
29,No,Travel_Rarely,1251,Research & Development,2,1,Medical,1,416,3,Female,78,3,3,Research Scientist,4,Divorced,9208,20070,5,Y,No,13,3,2,80,1,7,3,3,6,1,2,6
49,No,Travel_Rarely,921,Research & Development,9,5,Medical,1,417,4,Female,52,4,2,Laboratory Technician,1,Divorced,6701,6158,2,Y,No,20,3,2,80,1,27,3,2,4,1,4,0
37,No,Non-Travel,1170,Research & Development,1,3,Life Sciences,1,418,3,Male,91,3,1,Manufacturing Director,3,Single,2540,25193,3,Y,No,11,3,3,80,1,17,0,4,4,2,0,1
46,No,Non-Travel,604,Sales,16,1,Life Sciences,1,419,3,Male,40,1,1,Sales Executive,4,Married,2978,18571,2,Y,No,21,3,2,80,0,28,3,3,0,0,0,0
36,No,Travel_Rarely,214,Research & Development,5,3,Life Sciences,1,420,1,Male,85,2,4,Research Scientist,1,Married,16433,4782,4,Y,No,23,4,2,80,2,18,2,2,0,0,0,0
54,Yes,Travel_Rarely,1094,Research & Development,6,3,Other,1,421,1,Male,84,2,3,Manufacturing Director,1,Single,8490,22572,3,Y,No,15,3,3,80,0,32,1,1,1,1,1,1
51,No,Travel_Frequently,322,Research & Development,7,5,Technical Degree,1,422,3,Male,54,4,5,Healthcare Representative,4,Divorced,15915,6100,3,Y,Yes,12,4,2,80,0,29,0,3,1,1,1,1
33,No,Non-Travel,735,Research & Development,1,2,Medical,1,423,4,Female,38,2,3,Laboratory Technician,2,Single,4590,13701,3,Y,Yes,12,3,2,80,2,14,1,2,14,0,0,0
44,Yes,Travel_Rarely,771,Research & Development,11,4,Life Sciences,1,424,4,Female,41,3,4,Manufacturing Director,3,Single,11750,17525,0,Y,No,14,3,3,80,0,22,2,4,0,0,0,0
41,Yes,Travel_Rarely,1057,Sales,23,3,Other,1,425,3,Female,40,3,1,Sales Executive,3,Married,3014,20456,2,Y,Yes,14,3,1,80,2,19,1,2,4,1,1,2
48,No,Travel_Rarely,1032,Research & Development,5,1,Life Sciences,1,426,2,Male,67,4,3,Research Scientist,2,Married,9891,25035,3,Y,No,14,3,4,80,0,29,1,3,3,0,0,3
27,Yes,Travel_Rarely,195,Sales,3,5,Life Sciences,1,427,4,Female,57,4,1,Sales Executive,4,Single,2815,2097,2,Y,No,17,4,4,80,2,6,3,3,1,0,0,1
42,No,Travel_Rarely,206,Research & Development,12,3,Medical,1,428,2,Female,37,4,3,Laboratory Technician,4,Married,6917,11483,1,Y,No,11,3,3,80,0,21,2,3,10,5,8,4
45,No,Travel_Rarely,731,Research & Development,10,2,Other,1,429,2,Female,76,2,2,Research Director,4,Married,2528,25189,1,Y,No,23,4,3,80,0,26,6,2,5,0,0,0
20,No,Travel_Rarely,797,Research & Development,8,3,Life Sciences,1,430,4,Male,65,3,2,Research Scientist,3,Single,4380,5464,2,Y,No,18,3,2,80,0,1,0,3,1,1,1,1
25,No,Travel_Rarely,131,Research & Development,26,4,Life Sciences,1,431,4,Female,79,2,4,Laboratory Technician,2,Single,11086,3787,3,Y,No,22,3,4,80,2,4,1,3,0,0,0,0
18,No,Travel_Rarely,165,Research & Development,6,3,Other,1,432,4,Male,38,4,4,Laboratory Technician,3,Married,11061,9763,4,Y,Yes,23,3,1,80,3,0,1,3,0,0,0,0
33,No,Non-Travel,1302,Research & Development,2,2,Life Sciences,1,433,3,Male,89,4,1,Laboratory Technician,2,Single,2886,23788,1,Y,No,20,3,4,80,1,12,1,4,0,0,0,0
42,No,Travel_Rarely,878,Sales,1,2,Life Sciences,1,434,4,Male,96,2,2,Sales Executive,3,Divorced,7482,2683,0,Y,No,19,3,3,80,2,21,1,3,1,1,0,1
49,No,Travel_Frequently,1015,Research & Development,4,2,Medical,1,435,1,Female,82,3,2,Laboratory Technician,1,Divorced,5154,18092,7,Y,No,20,3,4,80,1,29,2,4,2,0,1,2
36,No,Non-Travel,648,Research & Development,8,4,Technical Degree,1,436,2,Female,46,1,2,Healthcare Representative,1,Divorced,4729,3132,0,Y,Yes,23,3,4,80,3,17,4,3,9,0,4,2
50,No,Travel_Rarely,300,Research & Development,1,3,Medical,1,437,4,Male,82,4,4,Laboratory Technician,4,Single,11222,14314,1,Y,No,24,3,3,80,2,32,1,3,1,1,1,1
23,No,Travel_Rarely,148,Research & Development,1,2,Other,1,438,3,Male,57,4,1,Laboratory Technician,2,Divorced,2577,7877,0,Y,Yes,16,4,2,80,0,3,1,1,3,2,0,0
20,No,Travel_Rarely,886,Research & Development,19,2,Marketing,1,439,2,Male,92,3,4,Research Scientist,4,Married,9515,24582,5,Y,No,14,3,4,80,2,2,1,1,2,0,2,1
35,No,Travel_Frequently,1050,Research & Development,2,3,Life Sciences,1,440,4,Male,44,4,1,Research Scientist,3,Married,2575,22220,3,Y,No,16,3,4,80,1,17,3,3,5,1,2,2
39,No,Travel_Frequently,362,Research & Development,5,5,Other,1,441,4,Male,48,4,3,Laboratory Technician,4,Single,8901,15068,3,Y,No,20,4,3,80,0,17,1,2,1,0,1,1
35,No,Travel_Rarely,1256,Sales,1,3,Medical,1,442,3,Male,99,2,3,Sales Representative,3,Single,8419,16633,2,Y,No,17,3,4,80,0,16,4,4,0,0,0,0
18,Yes,Travel_Frequently,443,Sales,3,5,Life Sciences,1,443,3,Female,76,3,1,Manager,2,Married,2785,17758,5,Y,Yes,16,3,4,80,3,0,2,3,0,0,0,0
35,No,Travel_Rarely,1299,Research & Development,4,3,Medical,1,444,4,Male,77,2,1,Laboratory Technician,3,Married,2771,19425,0,Y,No,21,3,4,80,3,16,4,4,0,0,0,0
24,Yes,Travel_Rarely,110,Research & Development,18,2,Life Sciences,1,445,4,Male,49,3,4,Laboratory Technician,4,Single,6684,13057,0,Y,No,11,3,3,80,2,3,5,4,3,0,1,3
42,No,Travel_Rarely,300,Sales,16,5,Life Sciences,1,446,4,Male,66,3,3,Sales Representative,2,Married,9273,24273,0,Y,Yes,15,3,2,80,3,23,4,4,4,1,1,4
39,No,Travel_Frequently,1044,Research & Development,1,3,Life Sciences,1,447,3,Female,31,3,1,Laboratory Technician,1,Single,2080,2854,3,Y,No,18,3,3,80,2,21,4,3,9,4,0,1
27,No,Travel_Rarely,1025,Research & Development,6,4,Medical,1,448,1,Female,93,1,2,Laboratory Technician,3,Married,3630,7738,4,Y,No,18,3,1,80,0,6,2,3,6,0,0,5
31,No,Travel_Frequently,102,Research & Development,10,5,Technical Degree,1,449,3,Female,65,1,1,Research Scientist,2,Married,1809,4026,1,Y,No,22,3,3,80,0,12,1,3,1,0,0,1
26,No,Travel_Rarely,1337,Research & Development,2,1,Medical,1,450,2,Male,34,3,1,Manufacturing Director,3,Divorced,2770,7365,2,Y,No,20,3,4,80,0,7,3,4,4,2,4,2
35,No,Travel_Rarely,907,Research & Development,4,1,Other,1,451,1,Male,93,3,2,Laboratory Technician,2,Divorced,4721,4550,3,Y,Yes,19,3,1,80,0,17,1,3,0,0,0,0
44,No,Travel_Rarely,1430,Research & Development,29,4,Life Sciences,1,452,1,Male,36,1,1,Healthcare Representative,4,Married,1448,9089,3,Y,Yes,14,3,3,80,0,23,5,2,3,0,0,3
27,No,Travel_Rarely,659,Research & Development,11,2,Life Sciences,1,453,2,Female,99,3,4,Healthcare Representative,2,Married,13434,18623,2,Y,No,20,3,2,80,1,9,3,2,0,0,0,0
40,No,Travel_Rarely,1450,Research & Development,4,2,Life Sciences,1,454,1,Female,51,3,3,Research Scientist,4,Married,5120,18873,3,Y,Yes,16,3,2,80,2,21,2,3,2,0,1,1
31,No,Travel_Rarely,298,Sales,6,1,Life Sciences,1,455,3,Female,75,3,4,Sales Representative,2,Divorced,12419,14043,2,Y,No,17,3,3,80,2,11,1,3,0,0,0,0
28,No,Travel_Rarely,208,Research & Development,7,1,Life Sciences,1,456,3,Female,69,2,3,Healthcare Representative,3,Married,8476,3036,2,Y,Yes,15,3,3,80,1,8,2,3,8,1,2,0
35,Yes,Travel_Frequently,1414,Research & Development,5,4,Technical Degree,1,457,2,Female,90,4,4,Laboratory Technician,1,Single,14656,24516,2,Y,No,21,4,4,80,3,13,3,4,3,0,0,0
26,No,Travel_Rarely,207,Research & Development,4,2,Human Resources,1,458,2,Male,75,3,2,Research Scientist,4,Single,7227,23164,1,Y,Yes,18,3,1,80,1,6,2,3,6,3,5,1
31,Yes,Non-Travel,651,Sales,3,3,Other,1,459,3,Female,57,3,2,Sales Executive,2,Married,3294,26293,1,Y,No,13,4,3,80,2,10,2,3,0,0,0,0
25,No,Travel_Rarely,1072,Sales,1,4,Life Sciences,1,460,1,Male,64,4,5,Sales Executive,4,Married,16776,21653,0,Y,Yes,18,3,1,80,1,3,3,1,3,3,3,0
53,No,Travel_Rarely,151,Research & Development,29,3,Human Resources,1,461,3,Male,30,1,3,Laboratory Technician,3,Divorced,7447,8122,3,Y,No,24,4,2,80,0,32,2,3,1,1,0,1
36,No,Non-Travel,211,Research & Development,1,1,Life Sciences,1,462,4,Male,58,3,1,Laboratory Technician,1,Single,2771,16578,3,Y,No,15,3,4,80,3,16,3,2,2,2,2,2
29,No,Travel_Rarely,394,Sales,7,4,Life Sciences,1,463,4,Male,38,3,3,Sales Executive,2,Married,8431,17689,2,Y,No,11,3,1,80,0,9,3,3,9,2,0,3
37,No,Travel_Frequently,1312,Sales,25,1,Human Resources,1,464,2,Male,38,1,4,Sales Representative,4,Divorced,10942,18150,2,Y,No,23,3,1,80,1,18,5,4,18,5,5,1
34,No,Travel_Rarely,164,Research & Development,3,4,Medical,1,465,4,Male,51,3,3,Research Scientist,1,Divorced,7118,24094,3,Y,No,16,3,3,80,0,13,2,3,1,1,0,1
34,No,Travel_Frequently,673,Research & Development,2,5,Life Sciences,1,466,3,Male,92,2,2,Research Scientist,3,Married,3604,13692,3,Y,No,12,3,4,80,1,16,1,2,14,3,0,0
41,No,Travel_Frequently,564,Research & Development,24,3,Medical,1,467,3,Male,95,4,3,Laboratory Technician,3,Married,9975,14054,5,Y,No,17,3,3,80,3,22,0,4,5,0,4,1
42,No,Travel_Rarely,357,Sales,12,3,Life Sciences,1,468,4,Male,87,3,5,Sales Executive,2,Single,18951,3767,3,Y,No,19,3,4,80,0,21,3,3,15,1,0,3
31,No,Travel_Rarely,1103,Research & Development,8,3,Marketing,1,469,3,Male,99,4,1,Research Scientist,4,Divorced,3073,6708,1,Y,No,13,3,1,80,2,9,4,3,4,1,3,4
30,Yes,Travel_Rarely,733,Research & Development,7,3,Medical,1,470,2,Male,84,4,3,Research Scientist,1,Single,7379,10353,4,Y,Yes,24,3,3,80,0,9,2,3,9,0,2,0
33,No,Travel_Frequently,1454,Sales,3,5,Other,1,471,4,Male,42,4,1,Sales Executive,3,Divorced,2089,21390,2,Y,No,20,3,3,80,0,11,3,4,11,1,1,2
18,Yes,Travel_Rarely,309,Sales,8,5,Life Sciences,1,472,4,Female,48,3,3,Sales Representative,3,Married,5843,3256,3,Y,Yes,24,4,4,80,0,0,2,1,0,0,0,0
22,No,Non-Travel,188,Sales,10,3,Life Sciences,1,473,4,Female,62,2,2,Sales Representative,1,Married,5448,12143,2,Y,No,14,3,4,80,2,2,6,4,1,1,1,1
48,Yes,Travel_Rarely,127,Human Resources,1,4,Medical,1,474,4,Female,94,4,1,Human Resources,1,Single,1850,25461,7,Y,No,14,3,3,80,0,30,3,2,1,1,1,0
50,No,Non-Travel,337,Research & Development,1,5,Medical,1,475,1,Female,89,3,1,Manufacturing Director,3,Married,3655,7351,1,Y,No,14,3,3,80,1,29,4,2,4,0,1,2
33,No,Travel_Rarely,435,Research & Development,3,5,Life Sciences,1,476,3,Male,41,3,2,Manufacturing Director,3,Married,3365,16263,3,Y,Yes,13,3,3,80,0,15,2,3,8,0,0,0
41,No,Travel_Rarely,162,Research & Development,3,3,Marketing,1,477,3,Female,72,3,1,Research Scientist,1,Single,2671,2749,1,Y,No,15,3,3,80,0,19,1,3,7,6,0,4
38,Yes,Travel_Rarely,599,Sales,18,3,Human Resources,1,478,2,Male,46,2,1,Manager,1,Married,3479,19092,1,Y,No,19,3,3,80,2,18,4,1,6,6,0,1
60,Yes,Travel_Rarely,890,Research & Development,9,2,Other,1,479,1,Male,97,3,4,Healthcare Representative,1,Divorced,13797,8416,1,Y,No,21,3,2,80,0,40,2,2,2,2,1,2
46,No,Non-Travel,691,Human Resources,3,5,Technical Degree,1,480,4,Female,58,2,1,Human Resources,3,Married,2609,8950,2,Y,Yes,18,3,2,80,0,27,1,3,0,0,0,0
34,Yes,Travel_Rarely,1174,Research & Development,13,2,Technical Degree,1,481,3,Male,84,3,2,Research Scientist,1,Married,3789,14328,1,Y,Yes,20,3,2,80,0,12,4,4,1,1,1,1
27,No,Travel_Rarely,1235,Sales,3,3,Medical,1,482,3,Female,36,3,4,Sales Executive,4,Single,7854,3713,2,Y,No,12,3,4,80,1,8,4,2,6,0,3,6
21,No,Non-Travel,400,Research & Development,29,2,Technical Degree,1,483,3,Female,73,4,1,Research Scientist,1,Married,2981,14777,5,Y,No,22,3,4,80,1,3,2,2,0,0,0,0
37,No,Travel_Rarely,1213,Research & Development,12,2,Life Sciences,1,484,2,Female,34,3,2,Manufacturing Director,4,Single,6882,26320,2,Y,No,19,3,3,80,0,19,1,4,1,1,0,0
29,No,Non-Travel,328,Sales,13,3,Medical,1,485,4,Female,89,3,2,Sales Executive,2,Married,4451,10308,1,Y,No,22,3,1,80,0,11,0,3,2,0,2,2
23,No,Travel_Rarely,249,Research & Development,2,5,Life Sciences,1,486,3,Male,35,2,3,Healthcare Representative,2,Divorced,5721,12673,6,Y,Yes,20,4,1,80,1,2,3,3,0,0,0,0
30,No,Non-Travel,1261,Sales,1,1,Medical,1,487,3,Male,36,4,4,Sales Representative,3,Married,4625,17378,0,Y,No,12,3,2,80,0,8,2,3,1,1,1,0
26,Yes,Travel_Frequently,1258,Research & Development,3,3,Life Sciences,1,488,1,Male,75,3,4,Manufacturing Director,2,Single,9057,17329,3,Y,Yes,17,3,2,80,2,4,3,3,0,0,0,0
51,Yes,Travel_Frequently,626,Sales,3,1,Other,1,489,3,Male,86,1,3,Sales Representative,1,Married,7772,15882,1,Y,Yes,15,3,1,80,2,29,1,4,15,11,1,7
43,No,Non-Travel,432,Research & Development,11,2,Life Sciences,1,490,1,Female,83,3,1,Research Scientist,4,Married,3499,18579,2,Y,No,23,3,4,80,1,22,1,1,1,0,0,1
35,No,Travel_Rarely,1485,Research & Development,1,3,Life Sciences,1,491,1,Female,75,3,1,Laboratory Technician,2,Married,2920,6714,0,Y,No,17,3,3,80,0,17,3,3,9,0,0,0
49,No,Travel_Rarely,273,Sales,5,3,Medical,1,492,3,Female,39,3,2,Sales Representative,1,Divorced,5381,12664,2,Y,No,15,3,1,80,2,31,2,2,0,0,0,0
36,No,Travel_Rarely,1336,Research & Development,7,2,Life Sciences,1,493,2,Male,33,4,1,Research Scientist,1,Divorced,2249,17753,4,Y,No,22,3,1,80,2,17,4,3,10,9,0,2
28,No,Travel_Rarely,1466,Research & Development,3,3,Life Sciences,1,494,4,Male,96,2,3,Research Scientist,4,Married,6833,14321,1,Y,No,16,3,3,80,1,7,5,2,4,4,4,4
49,No,Travel_Frequently,160,Research & Development,1,1,Life Sciences,1,495,3,Male,54,3,3,Healthcare Representative,1,Married,10811,16630,5,Y,No,18,3,1,80,2,29,2,3,9,2,0,2
40,No,Non-Travel,1184,Research & Development,18,3,Medical,1,496,3,Male,90,3,1,Manufacturing Director,2,Single,2625,19658,3,Y,No,11,3,3,80,2,19,3,3,10,0,1,10
26,No,Travel_Rarely,918,Research & Development,1,5,Medical,1,497,1,Female,67,1,4,Research Scientist,1,Single,5692,5709,4,Y,No,23,3,2,80,1,7,3,3,4,0,3,4
34,No,Travel_Frequently,623,Sales,2,5,Technical Degree,1,498,1,Male,61,4,1,Sales Representative,4,Married,2079,2338,1,Y,No,21,4,4,80,0,15,2,4,12,4,1,9
28,No,Travel_Rarely,315,Research & Development,11,3,Marketing,1,499,3,Male,52,4,2,Healthcare Representative,3,Married,3927,8761,1,Y,Yes,23,3,3,80,2,9,6,4,4,2,3,3
23,No,Travel_Frequently,723,Research & Development,7,3,Medical,1,500,4,Male,66,3,3,Laboratory Technician,3,Married,6907,21895,3,Y,No,22,3,3,80,0,5,1,3,5,2,2,5
44,No,Travel_Frequently,677,Research & Development,10,5,Life Sciences,1,501,1,Female,32,4,2,Research Scientist,4,Married,5703,6275,4,Y,No,11,3,4,80,2,24,2,3,2,1,2,2
53,Yes,Travel_Rarely,793,Research & Development,13,1,Life Sciences,1,502,3,Female,42,2,2,Research Director,3,Single,4865,13491,2,Y,No,15,3,2,80,2,34,3,1,12,3,0,0
23,No,Travel_Rarely,522,Research & Development,18,4,Technical Degree,1,503,1,Male,63,2,1,Laboratory Technician,4,Married,2451,20040,5,Y,No,11,3,3,80,2,1,3,1,1,1,0,0
41,Yes,Travel_Rarely,815,Human Resources,2,5,Life Sciences,1,504,4,Male,94,1,2,Human Resources,3,Single,6641,8762,1,Y,Yes,13,4,1,80,1,23,4,2,0,0,0,0
30,No,Travel_Frequently,1494,Sales,5,1,Life Sciences,1,505,3,Male,37,3,3,Sales Executive,2,Single,6607,10834,5,Y,No,20,3,3,80,0,10,1,4,4,0,3,0
31,No,Travel_Rarely,1329,Research & Development,9,2,Technical Degree,1,506,1,Male,38,3,4,Healthcare Representative,1,Divorced,17592,16358,5,Y,Yes,19,3,2,80,0,9,2,4,9,3,1,1
30,No,Travel_Rarely,1409,Research & Development,12,5,Medical,1,507,3,Female,57,4,2,Research Scientist,4,Single,4160,11872,4,Y,No,24,3,3,80,2,10,3,3,7,7,0,5
28,No,Travel_Frequently,1228,Sales,6,3,Life Sciences,1,508,4,Female,47,3,2,Sales Executive,2,Married,5111,23657,0,Y,No,23,3,1,80,2,8,3,3,8,1,0,5
36,Yes,Travel_Frequently,853,Research & Development,5,1,Life Sciences,1,509,3,Male,71,2,3,Research Scientist,3,Single,7437,19553,3,Y,Yes,17,3,2,80,1,14,5,4,1,0,0,0
28,No,Travel_Rarely,846,Research & Development,9,2,Other,1,510,2,Male,70,4,4,Manager,4,Divorced,12370,26827,2,Y,No,22,3,4,80,0,7,2,3,2,0,2,2
38,No,Travel_Rarely,787,Research & Development,3,3,Technical Degree,1,511,1,Female,99,3,1,Research Scientist,1,Married,2777,10173,0,Y,No,16,3,4,80,3,18,2,3,3,0,0,1
35,No,Travel_Rarely,822,Research & Development,17,4,Marketing,1,512,4,Male,62,4,2,Laboratory Technician,4,Single,5542,18685,2,Y,No,18,3,2,80,3,14,2,3,1,0,0,1
33,No,Non-Travel,846,Human Resources,1,4,Medical,1,513,3,Female,83,3,3,Manager,3,Married,6493,13333,4,Y,Yes,18,3,2,80,1,13,4,2,2,2,0,2
27,No,Travel_Rarely,341,Sales,17,5,Medical,1,514,2,Male,65,2,2,Sales Executive,1,Married,3596,19950,3,Y,No,16,3,1,80,1,5,1,4,3,0,2,3
30,No,Travel_Rarely,764,Research & Development,8,2,Other,1,515,2,Male,85,4,1,Manager,3,Divorced,4064,13356,1,Y,No,14,3,1,80,2,10,3,3,1,1,1,1
42,No,Travel_Rarely,807,Research & Development,7,3,Other,1,516,4,Male,46,4,2,Research Director,3,Single,4395,9816,3,Y,Yes,14,3,2,80,2,23,0,4,1,0,1,0
40,No,Travel_Rarely,534,Sales,5,3,Life Sciences,1,517,3,Male,39,3,1,Sales Representative,4,Divorced,2937,14149,0,Y,Yes,14,3,3,80,3,21,0,3,0,0,0,0
27,No,Non-Travel,880,Sales,1,3,Technical Degree,1,518,1,Female,73,1,2,Sales Executive,3,Divorced,2990,20594,0,Y,No,16,4,2,80,0,7,6,4,6,2,0,5
36,Yes,Non-Travel,583,Research & Development,16,2,Life Sciences,1,519,1,Male,31,1,2,Manufacturing Director,4,Divorced,4650,13344,2,Y,Yes,11,3,1,80,1,14,1,3,2,2,1,1
42,No,Travel_Rarely,483,Research & Development,1,5,Life Sciences,1,520,4,Male,43,3,4,Healthcare Representative,3,Married,11618,18187,3,Y,No,22,3,4,80,1,20,3,4,1,0,1,0
20,No,Travel_Rarely,269,Research & Development,2,4,Marketing,1,521,4,Male,70,4,2,Manager,3,Married,5591,13851,1,Y,No,12,3,3,80,2,2,5,4,2,2,1,2
40,No,Non-Travel,1120,Sales,1,3,Medical,1,522,1,Male,31,3,1,Sales Executive,2,Married,1000,9230,1,Y,No,16,3,3,80,2,18,2,2,0,0,0,0
30,No,Travel_Rarely,1049,Sales,1,4,Other,1,523,3,Male,48,1,1,Sales Representative,1,Married,2603,10803,4,Y,No,24,3,2,80,3,9,3,2,9,1,5,2
41,No,Travel_Frequently,968,Research & Development,3,2,Life Sciences,1,524,2,Male,30,4,4,Laboratory Technician,3,Married,8550,17795,3,Y,No,24,3,3,80,1,21,1,4,1,1,0,1
29,No,Travel_Rarely,422,Sales,1,3,Medical,1,525,4,Female,31,4,1,Sales Executive,3,Married,2702,24972,1,Y,No,21,3,4,80,2,10,2,2,10,6,0,0
19,No,Travel_Rarely,947,Research & Development,6,4,Other,1,526,2,Male,56,3,2,Laboratory Technician,4,Married,3704,3943,2,Y,No,11,3,3,80,1,0,3,3,0,0,0,0
21,Yes,Travel_Rarely,1355,Research & Development,7,3,Human Resources,1,527,2,Male,31,1,1,Healthcare Representative,3,Married,1965,26649,3,Y,No,19,3,3,80,1,2,3,4,2,1,1,2
36,No,Travel_Rarely,795,Research & Development,17,5,Life Sciences,1,528,1,Female,80,2,3,Laboratory Technician,3,Divorced,7452,16015,5,Y,No,22,4,2,80,0,18,1,1,1,1,1,0
38,No,Travel_Rarely,458,Research & Development,2,4,Life Sciences,1,529,2,Male,39,4,2,Laboratory Technician,1,Single,3684,23021,5,Y,No,16,3,1,80,2,18,3,4,0,0,0,0
27,Yes,Travel_Rarely,1398,Research & Development,2,3,Medical,1,530,1,Female,48,3,2,Manager,3,Divorced,4405,10348,0,Y,Yes,17,3,3,80,3,5,1,3,5,3,0,5
41,No,Travel_Rarely,131,Research & Development,2,4,Life Sciences,1,531,1,Male,42,3,2,Laboratory Technician,4,Married,3508,13750,2,Y,No,24,3,4,80,0,22,1,2,1,0,1,0
21,No,Travel_Rarely,276,Research & Development,12,2,Other,1,532,1,Female,77,3,4,Manufacturing Director,2,Divorced,6500,7385,3,Y,No,22,4,3,80,0,0,4,3,0,0,0,0
35,No,Travel_Rarely,1016,Research & Development,4,3,Other,1,533,4,Female,85,2,2,Laboratory Technician,1,Married,6272,18639,0,Y,No,11,3,3,80,2,17,2,4,2,0,2,2
25,No,Travel_Rarely,164,Research & Development,6,3,Life Sciences,1,534,4,Female,85,3,3,Laboratory Technician,4,Married,5407,21494,5,Y,No,18,3,3,80,1,6,1,3,6,6,2,6
30,No,Non-Travel,126,Research & Development,3,3,Life Sciences,1,535,1,Female,79,3,4,Manufacturing Director,1,Divorced,11463,11243,1,Y,No,22,4,3,80,3,11,4,4,11,1,2,4
36,No,Travel_Frequently,367,Research & Development,1,4,Life Sciences,1,536,3,Male,74,3,4,Research Director,3,Single,14258,18273,4,Y,Yes,22,3,4,80,0,16,6,1,16,6,0,2
28,Yes,Travel_Rarely,696,Research & Development,1,3,Human Resources,1,537,4,Female,88,2,1,Laboratory Technician,3,Divorced,2115,7032,1,Y,No,22,3,2,80,0,8,2,4,2,1,2,0
32,Yes,Travel_Frequently,1111,Research & Development,16,4,Life Sciences,1,538,1,Male,68,4,5,Healthcare Representative,2,Married,13493,8261,3,Y,Yes,22,4,4,80,1,13,4,2,2,0,0,2
45,Yes,Travel_Frequently,165,Sales,2,3,Medical,1,539,1,Male,50,3,1,Sales Executive,2,Married,2641,20801,1,Y,Yes,22,3,3,80,0,25,0,2,19,0,2,1
30,No,Travel_Rarely,232,Sales,22,3,Medical,1,540,3,Male,84,3,2,Sales Executive,4,Single,6397,20640,4,Y,Yes,15,3,1,80,0,11,1,3,9,5,0,2
43,No,Travel_Frequently,1015,Sales,23,4,Medical,1,541,2,Male,86,3,4,Sales Executive,2,Married,8492,4634,4,Y,No,15,4,2,80,0,22,1,2,0,0,0,0
25,No,Travel_Frequently,1489,Research & Development,5,2,Life Sciences,1,542,3,Male,70,2,1,Research Scientist,1,Married,2406,3891,2,Y,No,24,3,3,80,0,3,2,2,3,1,0,0
40,Yes,Travel_Frequently,181,Research & Development,25,2,Life Sciences,1,543,3,Male,99,2,1,Research Scientist,2,Single,1417,21848,1,Y,No,16,3,1,80,0,19,1,4,0,0,0,0
48,No,Travel_Rarely,1081,Sales,1,3,Other,1,544,1,Male,78,3,1,Sales Executive,1,Single,2254,12683,6,Y,No,17,3,3,80,3,27,0,4,25,9,0,5
18,No,Travel_Frequently,1451,Research & Development,1,2,Human Resources,1,545,3,Female,73,1,2,Research Scientist,4,Single,5042,11967,0,Y,No,17,3,2,80,0,0,3,1,0,0,0,0
28,No,Travel_Rarely,1221,Research & Development,2,1,Technical Degree,1,546,2,Female,64,3,2,Research Scientist,4,Divorced,3931,14128,3,Y,No,15,3,3,80,1,9,3,3,4,0,0,1
41,No,Travel_Frequently,684,Research & Development,1,4,Life Sciences,1,547,2,Male,34,3,3,Laboratory Technician,1,Divorced,7086,9426,1,Y,No,11,3,3,80,2,22,2,2,5,5,2,1
34,No,Travel_Rarely,426,Sales,2,3,Life Sciences,1,548,4,Male,80,4,4,Sales Representative,4,Married,7775,3970,5,Y,Yes,21,3,3,80,1,14,3,4,13,6,0,0
39,No,Travel_Frequently,641,Research & Development,4,3,Medical,1,549,4,Male,86,3,3,Research Director,2,Married,8154,22337,2,Y,No,19,3,4,80,1,21,6,3,9,0,1,6
30,Yes,Travel_Rarely,1248,Sales,1,5,Life Sciences,1,550,2,Male,87,3,1,Sales Representative,3,Married,3159,24202,3,Y,No,16,3,4,80,2,11,2,3,1,1,0,1
36,No,Travel_Rarely,309,Sales,6,3,Human Resources,1,551,1,Male,65,4,4,Sales Executive,4,Married,8708,8771,2,Y,Yes,23,3,4,80,2,14,1,3,4,0,0,0
34,No,Travel_Frequently,232,Research & Development,2,5,Medical,1,552,4,Male,39,4,1,Research Director,2,Divorced,2110,12684,2,Y,No,19,3,3,80,2,16,3,1,15,0,0,1
46,No,Travel_Rarely,256,Sales,1,2,Life Sciences,1,553,4,Male,79,2,1,Sales Representative,1,Divorced,2814,14857,3,Y,No,21,4,3,80,1,24,3,2,6,5,1,6
38,No,Non-Travel,974,Research & Development,11,3,Human Resources,1,554,4,Female,66,3,1,Research Scientist,4,Married,3257,25132,2,Y,No,14,3,3,80,2,16,3,3,5,4,0,2
39,No,Non-Travel,481,Sales,8,5,Other,1,555,2,Male,49,2,2,Sales Executive,4,Married,3133,23387,2,Y,No,12,3,4,80,1,17,3,4,7,1,4,1
32,Yes,Travel_Frequently,1145,Research & Development,12,3,Life Sciences,1,556,1,Male,42,3,1,Manufacturing Director,4,Single,2394,19032,2,Y,No,23,3,2,80,0,14,2,4,1,0,1,1
31,No,Travel_Frequently,1073,Sales,22,4,Medical,1,557,4,Male,48,3,1,Sales Representative,3,Divorced,2676,11832,2,Y,No,23,3,3,80,2,10,3,4,6,0,3,0
32,Yes,Travel_Rarely,694,Research & Development,7,3,Life Sciences,1,558,2,Male,85,3,1,Healthcare Representative,3,Single,2436,16640,2,Y,Yes,13,3,4,80,1,10,0,2,1,1,1,0
39,No,Travel_Frequently,571,Sales,12,1,Medical,1,559,1,Male,74,2,1,Sales Representative,2,Married,1000,14626,5,Y,No,22,4,4,80,3,19,4,4,2,2,2,2
32,No,Travel_Rarely,333,Research & Development,1,3,Life Sciences,1,560,3,Female,89,3,2,Manufacturing Director,3,Married,5626,20485,2,Y,Yes,14,3,2,80,0,13,4,4,11,0,4,1
38,No,Non-Travel,671,Research & Development,4,3,Medical,1,561,1,Male,97,4,3,Manager,3,Married,11038,15423,4,Y,No,20,3,2,80,0,19,4,3,0,0,0,0
54,Yes,Travel_Rarely,870,Sales,6,5,Other,1,562,2,Male,86,3,3,Sales Executive,4,Single,8233,18802,2,Y,Yes,22,3,2,80,3,35,4,4,2,0,2,1
43,Yes,Travel_Rarely,1285,Sales,6,2,Medical,1,563,2,Female,83,1,1,Sales Executive,1,Divorced,1855,18333,1,Y,No,18,3,4,80,0,25,2,4,1,1,0,0
33,No,Travel_Rarely,400,Research & Development,10,5,Life Sciences,1,564,4,Female,66,4,1,Healthcare Representative,3,Single,2179,4352,3,Y,No,13,3,1,80,3,13,2,4,1,0,1,1
46,No,Travel_Rarely,405,Research & Development,12,5,Medical,1,565,3,Female,66,1,5,Research Scientist,3,Married,24522,24159,4,Y,Yes,18,3,4,80,3,26,2,4,9,2,2,1
32,No,Travel_Rarely,101,Research & Development,8,2,Life Sciences,1,566,3,Male,43,4,1,Healthcare Representative,3,Single,3068,26660,4,Y,Yes,16,4,4,80,2,12,1,4,5,0,4,3
18,No,Travel_Rarely,370,Human Resources,1,3,Technical Degree,1,567,3,Female,73,4,4,Manager,3,Single,13920,26075,1,Y,No,14,3,4,80,1,0,3,4,0,0,0,0
26,No,Travel_Rarely,520,Sales,3,5,Medical,1,568,3,Male,71,1,1,Sales Representative,4,Married,2722,3751,3,Y,No,24,3,4,80,1,6,1,2,3,1,0,3
19,No,Travel_Frequently,1266,Sales,6,5,Life Sciences,1,569,4,Male,30,2,4,Sales Representative,4,Married,10016,21041,5,Y,No,17,4,4,80,2,0,2,4,0,0,0,0
32,Yes,Travel_Frequently,799,Research & Development,5,3,Life Sciences,1,570,1,Male,52,3,2,Laboratory Technician,1,Single,4749,14167,2,Y,Yes,24,3,2,80,2,12,1,4,0,0,0,0
36,No,Travel_Rarely,963,Research & Development,1,3,Technical Degree,1,571,3,Male,93,4,2,Laboratory Technician,4,Single,4902,24507,2,Y,Yes,21,3,1,80,1,16,2,3,8,1,2,2
51,Yes,Travel_Rarely,1059,Research & Development,29,3,Life Sciences,1,572,2,Male,57,4,3,Laboratory Technician,3,Married,9099,7524,2,Y,Yes,23,3,4,80,3,33,2,2,2,0,0,0
38,No,Travel_Frequently,1093,Sales,25,4,Technical Degree,1,573,3,Male,33,1,2,Sales Representative,3,Married,6886,20735,4,Y,No,15,3,1,80,1,20,0,3,7,2,1,1
34,No,Non-Travel,1109,Research & Development,11,2,Life Sciences,1,574,3,Female,70,3,1,Healthcare Representative,1,Divorced,3198,26455,3,Y,No,15,3,1,80,3,14,1,4,1,1,1,0
43,No,Travel_Rarely,978,Sales,1,4,Life Sciences,1,575,1,Female,89,2,2,Sales Representative,1,Single,3225,17183,3,Y,No,19,3,2,80,0,22,2,3,1,1,1,1
18,No,Non-Travel,791,Research & Development,4,1,Medical,1,576,3,Female,47,2,3,Research Scientist,4,Married,8447,19673,4,Y,No,23,3,3,80,0,0,3,2,0,0,0,0
38,Yes,Travel_Frequently,966,Research & Development,4,1,Other,1,577,4,Male,92,4,1,Laboratory Technician,3,Single,2960,13315,2,Y,No,13,3,3,80,1,18,1,3,0,0,0,0
42,No,Travel_Frequently,1160,Research & Development,6,3,Other,1,578,2,Female,90,4,1,Healthcare Representative,3,Single,2886,4702,1,Y,No,20,3,1,80,0,22,2,4,10,9,1,4
22,Yes,Travel_Frequently,206,Research & Development,1,3,Life Sciences,1,579,1,Male,78,3,2,Laboratory Technician,4,Married,4213,10835,2,Y,Yes,14,3,3,80,2,0,2,4,0,0,0,0
46,Yes,Travel_Rarely,1420,Research & Development,4,3,Life Sciences,1,580,2,Female,76,2,1,Laboratory Technician,1,Married,4321,21289,4,Y,Yes,15,4,3,80,0,25,2,2,0,0,0,0
39,No,Non-Travel,1220,Research & Development,11,3,Life Sciences,1,581,3,Male,68,3,3,Healthcare Representative,3,Single,5445,16542,0,Y,No,11,4,4,80,3,20,1,3,14,3,1,1
32,No,Travel_Frequently,380,Research & Development,29,3,Medical,1,582,3,Female,35,3,1,Manufacturing Director,3,Single,1823,14259,9,Y,No,17,3,2,80,0,12,1,4,5,0,3,1
41,No,Travel_Rarely,1233,Sales,7,2,Medical,1,583,4,Male,82,4,2,Sales Executive,3,Single,5291,23053,1,Y,Yes,18,4,2,80,1,22,0,1,0,0,0,0
56,No,Travel_Rarely,648,Research & Development,22,3,Human Resources,1,584,2,Female,54,4,1,Research Director,2,Divorced,3823,4922,4,Y,No,16,4,2,80,0,35,4,1,17,8,4,5
37,Yes,Travel_Rarely,651,Research & Development,29,5,Other,1,585,2,Female,94,2,2,Research Scientist,4,Divorced,3954,8654,0,Y,Yes,19,4,4,80,1,17,2,4,0,0,0,0
38,Yes,Travel_Rarely,287,Research & Development,4,3,Medical,1,586,3,Male,34,1,1,Manager,2,Single,2333,4021,3,Y,No,13,3,2,80,0,19,2,3,7,4,5,0
31,No,Travel_Frequently,851,Research & Development,8,3,Medical,1,587,3,Male,94,4,1,Research Scientist,1,Single,3173,15955,1,Y,No,12,3,1,80,0,12,2,1,0,0,0,0
28,No,Travel_Rarely,969,Sales,1,3,Human Resources,1,588,3,Female,37,3,1,Sales Executive,3,Divorced,2488,22008,2,Y,Yes,15,3,2,80,2,7,0,4,4,0,2,0
43,No,Travel_Rarely,1477,Research & Development,5,5,Technical Degree,1,589,2,Male,68,3,5,Research Director,3,Divorced,15577,24728,3,Y,Yes,23,3,3,80,0,23,3,3,3,0,3,3
28,Yes,Travel_Rarely,118,Sales,1,2,Life Sciences,1,590,1,Female,72,2,1,Sales Executive,4,Married,2853,26162,3,Y,No,19,4,3,80,0,6,1,3,1,1,1,1
36,Yes,Travel_Rarely,958,Research & Development,1,4,Life Sciences,1,591,4,Male,34,1,3,Manufacturing Director,4,Single,8545,17716,3,Y,No,21,3,4,80,2,15,5,3,5,4,0,5
31,No,Non-Travel,1384,Research & Development,17,4,Medical,1,592,1,Male,33,2,1,Healthcare Representative,3,Single,3144,13310,1,Y,Yes,11,3,3,80,0,9,2,4,4,0,0,3
40,No,Travel_Frequently,1084,Research & Development,15,4,Life Sciences,1,593,2,Male,30,1,1,Healthcare Representative,2,Married,3307,18520,3,Y,No,11,3,3,80,1,20,2,3,8,0,1,5
39,No,Travel_Rarely,509,Research & Development,2,1,Life Sciences,1,594,1,Male,85,3,2,Manager,4,Married,5383,6225,1,Y,Yes,20,3,2,80,0,20,2,3,10,2,1,10
45,No,Travel_Rarely,583,Research & Development,4,4,Life Sciences,1,595,4,Female,74,3,2,Research Scientist,2,Single,5364,11209,2,Y,Yes,13,3,3,80,0,24,1,3,3,1,2,3
31,No,Travel_Rarely,1427,Sales,5,1,Marketing,1,596,2,Male,94,4,5,Sales Representative,1,Married,17909,13892,3,Y,No,20,4,3,80,1,10,3,3,3,2,0,1
33,No,Non-Travel,723,Research & Development,5,3,Life Sciences,1,597,1,Male,32,2,4,Research Scientist,2,Single,13467,17723,2,Y,No,13,3,1,80,0,12,3,4,4,4,3,4
27,No,Travel_Rarely,755,Research & Development,1,4,Life Sciences,1,598,1,Male,51,1,3,Laboratory Technician,3,Married,8110,14719,4,Y,No,15,3,4,80,2,9,3,4,6,1,1,3
32,Yes,Travel_Rarely,867,Research & Development,11,2,Life Sciences,1,599,1,Male,85,3,2,Healthcare Representative,2,Single,4999,5140,1,Y,Yes,14,3,2,80,3,12,3,4,2,2,0,0
39,No,Travel_Rarely,117,Research & Development,3,4,Technical Degree,1,600,4,Female,47,3,2,Laboratory Technician,2,Single,6495,13721,1,Y,No,16,3,4,80,0,21,3,2,3,3,0,3
42,No,Non-Travel,283,Research & Development,1,1,Technical Degree,1,601,4,Female,54,4,2,Laboratory Technician,3,Married,6895,4587,6,Y,No,22,3,1,80,3,21,1,1,4,0,2,1
27,No,Non-Travel,504,Research & Development,9,4,Medical,1,602,4,Male,77,3,4,Laboratory Technician,2,Married,7477,12574,3,Y,No,18,3,3,80,0,6,2,4,6,4,1,0
43,No,Travel_Rarely,898,Research & Development,14,3,Medical,1,603,2,Female,60,3,2,Manufacturing Director,1,Divorced,5012,8669,1,Y,No,18,3,1,80,0,21,3,1,4,2,1,1
48,No,Non-Travel,1254,Research & Development,20,2,Other,1,604,1,Female,59,3,2,Manager,1,Married,4139,20989,0,Y,No,21,3,1,80,0,30,6,2,1,0,1,1
39,No,Travel_Rarely,578,Sales,8,2,Life Sciences,1,605,2,Male,95,4,1,Sales Executive,4,Single,2305,7004,2,Y,No,14,3,4,80,1,20,1,3,4,1,0,2
52,No,Travel_Frequently,107,Sales,1,5,Life Sciences,1,606,1,Female,39,1,1,Sales Representative,4,Married,2751,16301,3,Y,No,11,3,3,80,1,32,1,4,8,2,8,2
29,No,Non-Travel,804,Research & Development,7,1,Life Sciences,1,607,4,Male,88,4,4,Healthcare Representative,1,Single,14008,10400,3,Y,No,23,3,3,80,0,10,2,4,9,2,5,0
24,No,Travel_Rarely,1441,Research & Development,19,2,Life Sciences,1,608,4,Male,80,4,1,Laboratory Technician,4,Divorced,2429,9504,1,Y,No,24,3,4,80,2,5,2,3,5,5,0,3
19,Yes,Travel_Rarely,1259,Human Resources,3,3,Medical,1,609,2,Female,38,4,2,Human Resources,4,Married,2608,5810,1,Y,Yes,24,3,3,80,2,0,4,4,0,0,0,0
49,No,Travel_Frequently,630,Research & Development,24,4,Other,1,610,2,Male,83,4,1,Laboratory Technician,2,Married,1896,8080,4,Y,No,17,3,3,80,0,28,5,4,2,0,2,1
41,Yes,Non-Travel,1012,Research & Development,1,3,Medical,1,611,2,Female,91,2,4,Laboratory Technician,4,Single,14689,9408,3,Y,Yes,16,3,2,80,2,19,2,3,3,3,1,2
35,No,Travel_Rarely,1490,Research & Development,10,2,Medical,1,612,4,Female,38,3,1,Research Scientist,4,Married,1000,6153,2,Y,No,15,3,1,80,3,14,2,2,7,0,1,0
38,No,Travel_Rarely,788,Research & Development,1,2,Other,1,613,3,Male,38,3,4,Healthcare Representative,2,Divorced,15562,13055,1,Y,No,14,3,2,80,0,17,2,3,1,0,1,0
25,No,Travel_Rarely,1134,Research & Development,12,2,Life Sciences,1,614,4,Female,53,3,1,Laboratory Technician,1,Divorced,2825,21760,3,Y,No,16,4,4,80,0,7,1,4,2,0,2,2
58,Yes,Travel_Rarely,652,Human Resources,1,2,Life Sciences,1,615,3,Male,68,1,4,Manager,4,Single,15948,19752,5,Y,Yes,18,3,3,80,1,39,0,2,8,2,1,0
37,No,Travel_Rarely,545,Sales,3,3,Medical,1,616,4,Male,37,4,3,Sales Representative,2,Single,7602,26193,2,Y,Yes,16,3,1,80,1,18,3,3,7,0,0,3
36,No,Travel_Rarely,1237,Sales,11,4,Medical,1,617,1,Female,54,4,1,Sales Representative,1,Divorced,1211,5800,2,Y,No,13,3,3,80,1,17,4,4,17,1,2,3
42,No,Non-Travel,805,Sales,4,2,Life Sciences,1,618,4,Female,95,3,2,Sales Executive,3,Divorced,5537,3037,2,Y,No,19,3,2,80,0,20,3,2,20,0,0,1
40,Yes,Travel_Rarely,295,Research & Development,17,3,Medical,1,619,3,Male,39,2,1,Laboratory Technician,1,Single,3296,2992,2,Y,No,13,4,4,80,1,18,2,2,1,1,1,1
38,No,Travel_Rarely,959,Research & Development,4,3,Marketing,1,620,3,Male,53,4,1,Research Scientist,4,Married,3077,25696,4,Y,No,14,3,3,80,1,16,3,4,11,8,3,7
28,No,Travel_Rarely,1446,Sales,29,5,Marketing,1,621,2,Female,88,4,4,Manager,1,Married,10011,6510,3,Y,No,23,3,4,80,1,8,2,1,0,0,0,0
40,No,Travel_Rarely,727,Human Resources,1,5,Medical,1,622,1,Female,60,3,2,Human Resources,2,Divorced,5108,2393,5,Y,Yes,15,3,1,80,0,18,4,3,6,3,0,2
52,No,Travel_Rarely,1080,Research & Development,9,4,Life Sciences,1,623,1,Female,40,2,2,Research Scientist,4,Single,4333,10005,2,Y,No,21,3,1,80,1,34,3,3,1,1,1,1
48,No,Non-Travel,729,Sales,19,2,Life Sciences,1,624,1,Male,35,2,1,Sales Executive,4,Single,1987,22070,1,Y,Yes,12,3,3,80,0,30,6,4,1,1,0,1
50,No,Travel_Frequently,1288,Research & Development,6,1,Medical,1,625,4,Male,99,3,2,Research Scientist,4,Married,6194,18741,2,Y,Yes,21,3,4,80,1,29,1,2,14,4,0,2
31,Yes,Travel_Frequently,1375,Research & Development,29,3,Life Sciences,1,626,4,Male,61,2,4,Research Scientist,3,Single,8407,22388,0,Y,No,20,3,3,80,3,10,3,3,1,1,1,1
27,No,Travel_Rarely,143,Research & Development,9,2,Other,1,627,4,Female,68,4,2,Laboratory Technician,4,Married,3882,19565,3,Y,No,21,3,4,80,1,6,4,1,5,0,5,0
34,No,Travel_Rarely,588,Research & Development,4,3,Medical,1,628,4,Male,77,2,5,Research Scientist,3,Married,12307,8817,1,Y,No,20,4,1,80,0,13,1,2,0,0,0,0
36,Yes,Travel_Rarely,280,Research & Development,5,4,Life Sciences,1,629,3,Male,42,4,4,Research Scientist,4,Married,7529,4065,3,Y,Yes,12,3,3,80,1,18,3,3,0,0,0,0
45,No,Non-Travel,1200,Research & Development,16,4,Technical Degree,1,630,1,Female,88,4,1,Laboratory Technician,2,Married,2591,25255,3,Y,No,16,3,3,80,2,24,2,2,2,1,1,0
20,Yes,Travel_Frequently,473,Research & Development,25,4,Medical,1,631,1,Male,96,2,1,Manufacturing Director,4,Married,3225,14094,3,Y,Yes,24,4,3,80,2,2,2,3,2,1,0,2
49,Yes,Non-Travel,727,Research & Development,6,3,Life Sciences,1,632,4,Female,85,1,4,Laboratory Technician,4,Single,11445,15879,4,Y,No,12,3,3,80,1,27,1,2,1,1,1,1
34,No,Travel_Rarely,1056,Research & Development,2,4,Technical Degree,1,633,1,Female,70,3,2,Laboratory Technician,1,Married,3117,13610,5,Y,No,20,3,3,80,0,12,3,4,1,1,1,0
32,No,Travel_Rarely,166,Human Resources,2,3,Technical Degree,1,634,3,Female,85,3,1,Human Resources,1,Divorced,3024,21513,1,Y,No,11,3,3,80,1,12,2,4,6,0,6,0
26,No,Travel_Rarely,1215,Research & Development,5,1,Marketing,1,635,3,Male,64,2,1,Laboratory Technician,4,Married,3553,2154,1,Y,No,18,3,2,80,1,5,1,3,0,0,0,0
21,Yes,Non-Travel,878,Research & Development,2,4,Life Sciences,1,636,3,Male,67,3,2,Research Director,4,Single,4192,11746,3,Y,Yes,20,4,1,80,3,0,2,3,0,0,0,0
43,Yes,Travel_Rarely,750,Research & Development,4,1,Medical,1,637,4,Female,96,4,3,Research Scientist,2,Single,7042,10678,3,Y,No,24,3,2,80,1,21,4,3,14,0,8,4
36,No,Travel_Rarely,1367,Research & Development,14,3,Technical Degree,1,638,1,Female,63,1,1,Manufacturing Director,3,Single,2822,8294,3,Y,No,20,4,3,80,1,17,3,4,2,0,2,2
24,No,Travel_Frequently,440,Sales,5,3,Life Sciences,1,639,4,Female,99,2,1,Sales Representative,4,Married,3513,11574,2,Y,No,23,3,3,80,1,5,3,4,2,2,2,2
24,No,Travel_Rarely,1002,Research & Development,8,4,Life Sciences,1,640,3,Male,40,3,4,Healthcare Representative,1,Married,10440,4415,5,Y,No,11,3,3,80,0,6,6,4,6,1,0,3
32,No,Travel_Rarely,1427,Sales,1,4,Human Resources,1,641,4,Female,56,4,3,Sales Executive,1,Married,5335,17979,2,Y,No,20,3,2,80,2,12,1,2,7,5,2,5
51,No,Travel_Rarely,497,Research & Development,11,3,Life Sciences,1,642,4,Female,77,1,2,Research Scientist,4,Single,5789,3070,1,Y,No,24,3,2,80,1,32,3,3,7,5,0,2
33,No,Travel_Rarely,802,Research & Development,5,4,Technical Degree,1,643,1,Female,53,4,3,Manufacturing Director,1,Single,9598,20638,3,Y,No,16,3,2,80,3,13,2,3,13,6,1,1
22,No,Travel_Rarely,196,Research & Development,3,2,Medical,1,644,2,Female,47,2,2,Research Scientist,2,Married,5007,26426,3,Y,No,22,4,3,80,1,0,1,2,0,0,0,0
33,No,Travel_Rarely,1454,Research & Development,7,3,Medical,1,645,4,Female,56,4,3,Healthcare Representative,2,Married,6883,16785,3,Y,No,24,3,4,80,0,15,2,2,15,0,1,0
33,No,Travel_Frequently,1328,Research & Development,1,4,Life Sciences,1,646,2,Female,83,3,2,Manufacturing Director,4,Single,6242,18306,1,Y,No,11,3,4,80,1,13,2,3,13,1,6,0
18,Yes,Travel_Frequently,548,Research & Development,4,4,Technical Degree,1,647,2,Male,84,3,1,Manufacturing Director,1,Married,2830,12067,4,Y,No,18,3,4,80,0,0,2,4,0,0,0,0
35,No,Travel_Rarely,176,Research & Development,13,5,Life Sciences,1,648,3,Male,50,4,3,Research Scientist,1,Single,6463,9807,1,Y,No,24,3,1,80,0,13,2,4,3,1,3,3
33,No,Travel_Rarely,995,Research & Development,2,2,Medical,1,649,3,Male,88,4,2,Manufacturing Director,1,Divorced,5061,25224,2,Y,No,15,3,2,80,0,12,0,3,10,4,0,2
42,No,Travel_Frequently,648,Human Resources,19,4,Marketing,1,650,3,Male,63,4,5,Human Resources,2,Divorced,11255,25097,3,Y,Yes,13,3,4,80,2,20,3,4,1,1,1,1
52,No,Travel_Frequently,897,Research & Development,7,4,Marketing,1,651,4,Male,87,2,2,Healthcare Representative,2,Single,5857,20574,5,Y,No,15,3,3,80,1,33,5,4,7,6,2,2
46,No,Travel_Rarely,914,Research & Development,6,5,Other,1,652,4,Male,77,3,4,Research Scientist,2,Single,11213,25648,3,Y,No,23,3,1,80,0,27,1,3,1,1,0,1
33,No,Travel_Frequently,1121,Research & Development,4,2,Medical,1,653,4,Male,83,2,4,Research Scientist,2,Married,10692,26766,3,Y,No,11,4,3,80,1,12,4,4,8,3,1,1
26,No,Travel_Frequently,234,Research & Development,10,4,Medical,1,654,4,Male,47,4,1,Laboratory Technician,2,Single,2479,26715,1,Y,No,11,3,3,80,1,4,5,2,4,0,3,4
59,No,Travel_Rarely,753,Research & Development,6,3,Other,1,655,2,Female,32,3,3,Research Scientist,1,Married,8080,9398,2,Y,No,22,4,4,80,3,39,0,2,0,0,0,0
36,No,Travel_Rarely,1377,Sales,12,2,Marketing,1,656,1,Female,53,4,2,Sales Representative,3,Divorced,6118,14202,0,Y,No,24,3,4,80,1,16,0,4,11,6,2,0
36,Yes,Travel_Rarely,1378,Human Resources,3,3,Life Sciences,1,657,2,Male,30,2,4,Manager,4,Married,13773,4972,2,Y,Yes,14,3,1,80,2,14,3,4,4,0,2,4
35,Yes,Travel_Rarely,745,Research & Development,9,3,Life Sciences,1,658,4,Female,35,2,2,Laboratory Technician,3,Divorced,4804,19898,1,Y,Yes,19,3,1,80,0,15,2,4,5,2,0,1
37,No,Travel_Rarely,819,Research & Development,22,3,Technical Degree,1,659,1,Male,48,3,3,Healthcare Representative,4,Married,9527,13312,5,Y,No,24,3,3,80,2,15,1,2,1,1,1,1
34,No,Travel_Rarely,712,Research & Development,2,5,Life Sciences,1,660,3,Male,72,1,2,Research Scientist,4,Single,5500,22354,4,Y,No,19,3,1,80,2,12,4,3,10,0,1,2
30,No,Non-Travel,583,Research & Development,29,3,Marketing,1,661,3,Male,37,2,1,Research Scientist,1,Married,2233,23103,1,Y,Yes,11,3,1,80,3,11,4,3,3,3,0,3
31,No,Travel_Rarely,1169,Research & Development,4,4,Medical,1,662,4,Male,98,4,1,Research Scientist,3,Married,2422,15627,0,Y,No,13,3,4,80,0,13,2,2,2,0,0,0
35,No,Travel_Frequently,747,Research & Development,1,3,Life Sciences,1,663,4,Female,81,2,2,Laboratory Technician,3,Married,4814,3345,2,Y,Yes,23,4,4,80,1,16,2,3,3,3,1,0
31,No,Travel_Rarely,891,Research & Development,3,1,Medical,1,664,4,Female,76,3,3,Research Director,2,Single,9010,20301,2,Y,Yes,22,3,3,80,1,11,3,3,6,1,2,1
29,Yes,Non-Travel,678,Sales,1,2,Life Sciences,1,665,1,Male,57,4,2,Sales Executive,3,Single,4541,9641,1,Y,No,14,3,4,80,0,11,2,2,5,0,1,3
36,No,Travel_Frequently,1127,Research & Development,2,3,Medical,1,666,1,Male,75,1,3,Manufacturing Director,3,Divorced,7219,17099,0,Y,No,12,3,2,80,1,14,2,4,2,0,2,0
33,No,Non-Travel,100,Research & Development,1,3,Medical,1,667,1,Male,33,3,1,Laboratory Technician,4,Single,3730,15385,5,Y,No,17,3,4,80,3,13,4,3,2,2,2,1
49,No,Travel_Frequently,1413,Sales,1,2,Medical,1,668,2,Male,37,4,2,Manager,4,Divorced,6174,10644,3,Y,Yes,13,3,3,80,1,28,1,3,4,4,1,4
18,No,Travel_Rarely,208,Research & Development,1,3,Technical Degree,1,669,2,Male,90,4,1,Research Scientist,1,Divorced,2024,3611,2,Y,No,11,3,4,80,3,0,3,3,0,0,0,0
45,No,Travel_Rarely,559,Sales,1,3,Technical Degree,1,670,2,Male,46,4,3,Sales Executive,1,Divorced,9141,20462,2,Y,No,11,3,2,80,0,27,3,4,6,6,6,5
47,No,Travel_Rarely,365,Research & Development,2,2,Technical Degree,1,671,1,Female,63,4,5,Research Scientist,2,Married,17502,12773,3,Y,No,13,4,4,80,2,29,3,3,2,2,2,2
18,No,Non-Travel,1261,Sales,22,3,Life Sciences,1,672,4,Female,49,1,2,Sales Executive,2,Married,5489,20448,2,Y,No,16,3,4,80,1,0,4,3,0,0,0,0
32,Yes,Travel_Rarely,143,Sales,23,2,Life Sciences,1,673,4,Male,63,1,1,Sales Executive,3,Divorced,2585,25763,3,Y,No,14,3,3,80,1,11,1,2,3,3,2,3
32,No,Travel_Rarely,985,Research & Development,15,5,Medical,1,674,3,Female,72,4,1,Healthcare Representative,2,Single,3243,7779,3,Y,Yes,11,3,3,80,3,10,0,3,10,1,0,2
23,No,Travel_Rarely,1043,Sales,1,5,Other,1,675,4,Male,39,4,3,Sales Representative,4,Married,8691,11450,2,Y,Yes,17,3,4,80,0,2,2,3,0,0,0,0
28,Yes,Travel_Rarely,1082,Research & Development,1,4,Technical Degree,1,676,1,Male,59,3,2,Manufacturing Director,1,Married,4922,9150,7,Y,Yes,12,3,1,80,2,7,4,3,6,0,2,2
26,Yes,Travel_Rarely,361,Sales,1,1,Technical Degree,1,677,1,Male,54,4,3,Sales Executive,2,Married,10084,18737,0,Y,No,22,4,1,80,1,4,1,3,1,0,1,1
51,No,Travel_Frequently,827,Research & Development,3,4,Life Sciences,1,678,2,Female,86,4,1,Research Scientist,4,Married,2645,14592,2,Y,No,15,3,1,80,0,31,1,4,1,1,0,0
44,No,Travel_Rarely,732,Research & Development,29,4,Medical,1,679,4,Female,92,3,3,Laboratory Technician,3,Married,8242,24102,3,Y,No,18,3,3,80,3,25,1,3,0,0,0,0
47,No,Travel_Rarely,251,Research & Development,18,4,Medical,1,680,2,Female,76,4,3,Manager,3,Married,8628,15861,1,Y,No,17,3,4,80,1,26,0,3,11,3,4,0
42,No,Travel_Frequently,312,Human Resources,2,2,Life Sciences,1,681,4,Male,32,3,1,Manager,3,Divorced,2441,22020,2,Y,No,21,3,4,80,2,24,2,2,12,7,5,4
25,No,Non-Travel,1115,Research & Development,4,4,Life Sciences,1,682,2,Female,75,3,2,Research Director,2,Single,5011,11755,3,Y,Yes,22,4,3,80,0,3,2,3,0,0,0,0
31,Yes,Travel_Frequently,1357,Human Resources,13,4,Other,1,683,4,Male,65,3,1,Manager,4,Divorced,2133,24428,1,Y,Yes,18,3,4,80,2,11,3,4,3,3,1,3
40,No,Travel_Rarely,962,Sales,11,3,Life Sciences,1,684,2,Female,55,4,2,Sales Executive,3,Married,4061,2711,3,Y,No,23,3,3,80,1,19,6,2,0,0,0,0
25,No,Travel_Rarely,722,Research & Development,1,4,Life Sciences,1,685,4,Male,39,3,4,Research Scientist,1,Divorced,9004,15706,2,Y,No,20,3,4,80,0,5,4,2,5,0,3,0
42,Yes,Travel_Frequently,460,Sales,1,3,Life Sciences,1,686,4,Male,63,4,2,Sales Executive,1,Married,3260,12924,6,Y,No,24,3,4,80,1,20,1,1,5,4,5,4
33,No,Travel_Frequently,419,Human Resources,6,3,Other,1,687,4,Male,37,4,4,Human Resources,4,Married,9360,15073,0,Y,Yes,21,3,3,80,0,15,1,1,1,0,1,1
32,No,Travel_Rarely,321,Research & Development,1,1,Medical,1,688,4,Female,84,3,2,Research Scientist,2,Single,4782,17921,5,Y,Yes,16,3,1,80,1,11,3,4,0,0,0,0
42,No,Non-Travel,309,Research & Development,13,4,Marketing,1,689,1,Male,39,4,1,Laboratory Technician,4,Divorced,2564,22656,1,Y,No,17,3,1,80,0,21,3,4,8,0,0,4
39,No,Travel_Frequently,1030,Research & Development,2,1,Other,1,690,3,Female,86,4,2,Manufacturing Director,3,Single,4660,19813,3,Y,Yes,19,3,3,80,0,19,1,2,5,2,1,2
32,Yes,Travel_Frequently,588,Research & Development,1,3,Life Sciences,1,691,4,Male,74,2,2,Research Director,2,Divorced,2055,8444,4,Y,Yes,16,3,4,80,0,10,4,4,0,0,0,0
46,No,Travel_Rarely,700,Research & Development,1,2,Medical,1,692,2,Female,79,3,2,Manufacturing Director,1,Divorced,6968,12684,2,Y,No,19,3,1,80,1,27,3,2,4,1,4,0
26,Yes,Non-Travel,873,Research & Development,1,3,Life Sciences,1,693,4,Female,93,2,1,Research Director,4,Single,3179,5420,1,Y,Yes,23,3,2,80,1,5,4,3,5,0,0,0
41,No,Travel_Rarely,977,Research & Development,8,2,Life Sciences,1,694,1,Female,31,3,2,Research Scientist,3,Single,5557,4068,3,Y,No,22,4,3,80,1,23,2,3,4,4,1,2
41,Yes,Travel_Rarely,799,Research & Development,1,4,Technical Degree,1,695,1,Male,74,4,1,Research Scientist,2,Married,3692,9159,2,Y,No,12,3,3,80,0,20,1,1,2,2,0,2
33,Yes,Travel_Frequently,551,Research & Development,2,4,Technical Degree,1,696,3,Male,91,4,1,Manufacturing Director,3,Single,1889,6806,4,Y,No,23,3,3,80,1,12,3,3,4,2,2,0
38,No,Travel_Rarely,512,Sales,11,2,Life Sciences,1,697,3,Male,43,3,2,Sales Executive,3,Divorced,7359,8844,1,Y,No,12,3,3,80,2,19,0,2,4,0,3,0
24,Yes,Travel_Rarely,575,Sales,1,1,Medical,1,698,2,Female,44,4,1,Sales Executive,1,Single,1896,13683,0,Y,No,24,3,2,80,0,5,0,4,5,0,2,2
44,No,Travel_Rarely,355,Research & Development,1,2,Medical,1,699,2,Male,43,3,4,Laboratory Technician,3,Single,12716,26727,3,Y,No,12,3,4,80,2,22,0,1,17,6,3,1
34,No,Travel_Rarely,1273,Sales,1,5,Life Sciences,1,700,3,Male,60,3,2,Sales Executive,3,Divorced,3407,21615,3,Y,No,16,3,4,80,1,13,0,1,0,0,0,0
31,No,Travel_Rarely,226,Sales,1,3,Life Sciences,1,701,4,Male,58,4,3,Sales Executive,1,Married,8029,4906,3,Y,Yes,12,4,3,80,2,10,3,4,4,0,0,0
45,No,Travel_Rarely,491,Human Resources,6,3,Life Sciences,1,702,2,Male,56,3,2,Human Resources,4,Divorced,5482,21935,0,Y,No,13,4,1,80,0,25,4,4,1,1,0,1
29,Yes,Travel_Frequently,579,Research & Development,1,1,Life Sciences,1,703,4,Female,38,3,3,Laboratory Technician,4,Married,7690,22575,4,Y,Yes,23,3,3,80,0,9,3,3,1,1,1,1
23,No,Travel_Rarely,1092,Research & Development,8,4,Technical Degree,1,704,1,Male,49,4,1,Manufacturing Director,2,Married,2946,21807,2,Y,No,18,3,3,80,2,5,2,3,5,1,0,5
21,No,Non-Travel,1022,Sales,5,5,Life Sciences,1,705,4,Female,87,1,4,Sales Executive,1,Married,12297,22441,1,Y,No,18,3,2,80,2,3,3,2,3,0,0,0
41,No,Travel_Rarely,501,Sales,8,4,Life Sciences,1,706,2,Male,78,4,2,Sales Executive,4,Married,4346,23578,5,Y,Yes,21,3,4,80,0,21,0,2,0,0,0,0
24,No,Travel_Rarely,373,Sales,29,4,Medical,1,707,3,Male,86,3,4,Sales Executive,1,Married,10299,13117,0,Y,Yes,22,3,1,80,0,6,3,3,6,3,0,4
51,Yes,Travel_Rarely,944,Sales,1,1,Technical Degree,1,708,3,Male,45,3,2,Sales Executive,4,Married,6013,5665,3,Y,Yes,14,3,1,80,1,30,2,3,1,1,1,1
18,No,Travel_Rarely,238,Research & Development,8,2,Life Sciences,1,709,3,Male,37,3,1,Manufacturing Director,3,Married,2091,23119,2,Y,No,19,3,3,80,1,0,0,3,0,0,0,0
51,No,Non-Travel,202,Research & Development,14,1,Life Sciences,1,710,4,Male,96,2,3,Healthcare Representative,4,Single,9830,13622,6,Y,No,18,4,1,80,2,30,3,4,0,0,0,0
37,No,Travel_Rarely,1365,Research & Development,25,2,Life Sciences,1,711,4,Female,48,4,1,Manufacturing Director,3,Married,3264,11348,3,Y,No,11,4,1,80,0,17,6,2,4,1,2,1
35,Yes,Travel_Rarely,1240,Research & Development,7,2,Technical Degree,1,712,1,Male,96,3,2,Research Scientist,2,Single,2914,17498,1,Y,Yes,18,3,3,80,1,13,3,3,4,2,0,4
31,Yes,Travel_Frequently,1337,Sales,1,2,Medical,1,713,4,Female,65,3,1,Sales Representative,3,Married,3208,24773,4,Y,Yes,11,3,3,80,0,9,3,3,2,2,2,0
39,Yes,Travel_Rarely,583,Research & Development,1,3,Technical Degree,1,714,2,Male,89,4,2,Laboratory Technician,3,Single,7575,9882,2,Y,Yes,14,3,3,80,0,19,2,2,3,1,3,0
35,No,Travel_Rarely,628,Research & Development,2,5,Other,1,715,4,Male,65,3,5,Laboratory Technician,4,Married,18071,7289,5,Y,No,20,4,1,80,0,14,0,3,4,0,4,0
45,No,Travel_Rarely,323,Sales,21,4,Technical Degree,1,716,3,Female,40,4,2,Sales Executive,4,Married,5748,15910,1,Y,No,16,3,2,80,2,27,1,2,4,0,1,4
37,No,Travel_Rarely,1393,Research & Development,6,4,Medical,1,717,1,Male,80,4,3,Laboratory Technician,4,Single,10074,9798,3,Y,No,17,3,3,80,1,19,3,2,2,1,0,0
37,No,Travel_Rarely,1257,Human Resources,6,4,Medical,1,718,3,Male,84,2,2,Human Resources,2,Single,4655,5408,0,Y,No,20,3,4,80,2,15,3,4,10,1,3,2
32,No,Non-Travel,213,Human Resources,7,2,Life Sciences,1,719,4,Male,83,4,2,Human Resources,3,Single,5227,19545,3,Y,Yes,23,3,4,80,0,12,1,4,5,4,3,1
35,No,Travel_Rarely,743,Research & Development,3,4,Other,1,720,1,Male,46,4,4,Research Scientist,1,Married,8057,19643,2,Y,No,14,3,3,80,0,15,3,3,1,0,1,0
38,No,Non-Travel,750,Research & Development,1,2,Medical,1,721,3,Female,91,4,4,Manufacturing Director,2,Divorced,12415,15959,1,Y,No,18,3,3,80,0,19,1,3,1,1,0,1
20,Yes,Travel_Frequently,1488,Research & Development,24,4,Life Sciences,1,722,3,Male,71,3,3,Research Scientist,2,Single,8996,6090,3,Y,No,18,3,4,80,0,0,1,3,0,0,0,0
23,Yes,Travel_Rarely,1355,Research & Development,11,3,Marketing,1,723,1,Female,53,4,1,Research Scientist,1,Married,2822,13033,4,Y,Yes,24,3,1,80,2,3,2,2,0,0,0,0
42,No,Travel_Rarely,557,Research & Development,5,5,Life Sciences,1,724,3,Female,46,3,2,Manager,4,Married,6331,17362,5,Y,No,24,3,1,80,0,23,1,3,6,0,0,2
37,Yes,Travel_Rarely,474,Research & Development,3,2,Medical,1,725,1,Male,77,1,1,Manager,1,Married,2015,24074,2,Y,No,24,3,3,80,0,19,3,1,2,2,0,1
34,No,Non-Travel,710,Human Resources,5,2,Medical,1,726,4,Female,99,1,2,Human Resources,4,Divorced,4334,15783,5,Y,No,19,3,3,80,0,12,4,3,4,3,0,0
36,No,Travel_Rarely,306,Research & Development,1,5,Medical,1,727,4,Male,36,3,2,Laboratory Technician,3,Married,7369,13394,4,Y,No,24,3,1,80,0,14,6,4,1,1,1,1
39,No,Travel_Rarely,1016,Sales,2,1,Technical Degree,1,728,4,Female,43,4,4,Sales Executive,4,Married,11549,4981,3,Y,Yes,16,4,3,80,2,19,1,4,19,1,0,8
31,No,Travel_Frequently,420,Research & Development,2,4,Life Sciences,1,729,2,Male,40,3,4,Laboratory Technician,4,Single,12600,10065,3,Y,No,14,3,1,80,1,11,3,4,11,0,0,1
28,No,Travel_Rarely,192,Research & Development,4,4,Medical,1,730,1,Female,41,4,2,Healthcare Representative,4,Single,4916,5554,3,Y,No,12,3,3,80,2,7,0,2,7,3,0,1
37,No,Travel_Frequently,1281,Sales,2,4,Medical,1,731,2,Male,34,3,1,Manager,3,Single,1986,14579,3,Y,No,17,3,2,80,1,19,4,3,1,1,0,1
27,No,Non-Travel,971,Research & Development,1,5,Marketing,1,732,3,Male,34,1,4,Manufacturing Director,4,Single,16870,20773,2,Y,Yes,20,3,4,80,0,9,6,4,9,8,1,5
39,Yes,Non-Travel,198,Research & Development,11,5,Technical Degree,1,733,4,Female,49,4,1,Laboratory Technician,1,Married,2170,10158,3,Y,No,13,4,1,80,0,20,1,4,3,0,0,2
20,Yes,Travel_Rarely,324,Sales,17,1,Medical,1,734,4,Female,83,3,2,Sales Representative,3,Married,3590,3014,2,Y,Yes,21,3,4,80,2,1,1,1,1,1,0,0
45,Yes,Travel_Rarely,951,Sales,1,4,Marketing,1,735,3,Male,84,3,1,Sales Executive,4,Married,2218,24113,3,Y,Yes,23,3,2,80,2,24,2,4,1,0,1,1
40,No,Travel_Rarely,540,Sales,1,4,Life Sciences,1,736,4,Male,87,2,2,Manager,4,Single,2497,15527,0,Y,No,22,3,4,80,0,22,1,4,6,1,0,2
38,No,Travel_Rarely,819,Research & Development,11,4,Other,1,737,4,Female,59,2,5,Research Director,1,Single,14232,14872,1,Y,Yes,13,3,4,80,0,19,2,2,12,0,0,1
44,No,Travel_Frequently,684,Research & Development,13,2,Medical,1,738,4,Female,53,3,1,Laboratory Technician,3,Married,1894,16201,2,Y,No,13,3,2,80,0,26,4,3,1,1,1,1
50,Yes,Non-Travel,163,Human Resources,5,4,Marketing,1,739,3,Female,32,4,2,Human Resources,2,Divorced,5771,12218,4,Y,Yes,14,3,1,80,0,32,0,2,1,1,1,0
45,No,Non-Travel,867,Sales,9,5,Life Sciences,1,740,3,Female,77,2,1,Sales Executive,4,Single,2079,5713,1,Y,No,12,3,3,80,0,26,2,4,0,0,0,0
19,No,Travel_Frequently,659,Research & Development,1,5,Life Sciences,1,741,3,Female,51,4,4,Research Scientist,4,Divorced,14663,19876,3,Y,Yes,23,3,2,80,0,0,3,1,0,0,0,0
24,No,Non-Travel,1402,Sales,15,3,Medical,1,742,4,Female,43,3,4,Sales Representative,1,Married,16195,9585,0,Y,No,23,4,4,80,1,4,2,3,3,1,3,0
30,No,Travel_Rarely,769,Research & Development,14,1,Human Resources,1,743,4,Male,77,3,1,Laboratory Technician,4,Married,2988,6122,3,Y,No,15,3,1,80,0,11,3,4,8,0,0,2
36,No,Travel_Rarely,1371,Research & Development,9,3,Medical,1,744,2,Male,58,4,1,Laboratory Technician,2,Married,2365,11892,2,Y,Yes,13,3,2,80,0,15,6,4,1,0,1,1
40,No,Travel_Rarely,467,Research & Development,19,4,Other,1,745,3,Female,79,2,2,Laboratory Technician,4,Single,5176,18838,3,Y,No,20,3,1,80,2,18,4,3,4,1,1,0
29,No,Travel_Rarely,843,Research & Development,1,4,Medical,1,746,4,Female,39,4,2,Healthcare Representative,4,Single,3093,19301,3,Y,No,15,3,2,80,1,11,2,3,3,3,3,1
37,No,Travel_Rarely,717,Research & Development,2,3,Medical,1,747,3,Male,56,4,3,Research Scientist,1,Married,7732,25107,3,Y,No,22,4,3,80,3,15,5,3,1,1,1,1
29,No,Travel_Rarely,1105,Research & Development,3,1,Life Sciences,1,748,3,Male,57,3,1,Healthcare Representative,3,Married,1962,26589,4,Y,No,23,3,3,80,0,10,2,4,3,1,3,1
30,No,Travel_Rarely,1221,Research & Development,1,3,Technical Degree,1,749,2,Female,38,3,1,Research Director,2,Divorced,2933,24625,0,Y,No,17,3,4,80,1,12,2,4,0,0,0,0
23,No,Travel_Rarely,1391,Sales,13,3,Life Sciences,1,750,3,Male,55,1,3,Manager,1,Married,13145,6374,2,Y,No,19,3,4,80,0,1,1,4,1,0,1,0
27,No,Travel_Rarely,1183,Sales,11,5,Human Resources,1,751,3,Male,37,3,1,Sales Executive,4,Single,2812,24443,1,Y,No,12,4,1,80,1,7,2,2,0,0,0,0
23,No,Travel_Rarely,599,Research & Development,11,4,Other,1,752,3,Male,31,3,4,Research Scientist,1,Married,6026,2489,3,Y,No,19,3,4,80,0,2,2,3,2,1,2,2
27,Yes,Travel_Frequently,1431,Sales,2,3,Other,1,753,4,Male,86,4,1,Sales Executive,3,Single,2274,2984,2,Y,Yes,20,3,2,80,0,5,3,4,0,0,0,0
45,No,Travel_Frequently,1106,Research & Development,11,3,Medical,1,754,3,Male,81,3,1,Laboratory Technician,4,Married,2576,19344,2,Y,Yes,16,3,1,80,3,24,2,4,24,1,0,2
27,No,Travel_Frequently,510,Research & Development,1,1,Marketing,1,755,4,Male,87,3,5,Research Scientist,1,Married,17371,26434,4,Y,No,22,3,2,80,1,7,3,3,7,3,0,1
59,Yes,Travel_Rarely,1117,Sales,1,5,Technical Degree,1,756,1,Male,32,4,2,Sales Representative,3,Divorced,4086,3782,2,Y,Yes,16,3,4,80,3,37,2,4,2,0,0,2
40,No,Travel_Rarely,1263,Research & Development,7,3,Life Sciences,1,757,4,Female,37,3,3,Laboratory Technician,3,Divorced,8490,16959,1,Y,No,21,3,3,80,0,21,4,2,2,2,0,1
37,No,Travel_Rarely,1451,Research & Development,1,3,Medical,1,758,3,Male,88,2,1,Healthcare Representative,4,Married,1723,16542,1,Y,No,13,3,3,80,0,19,2,3,1,1,0,1
28,No,Travel_Rarely,563,Research & Development,22,3,Life Sciences,1,759,2,Female,31,2,2,Research Scientist,4,Married,3818,7983,2,Y,No,24,3,3,80,1,8,6,3,7,2,1,2
42,No,Travel_Rarely,801,Sales,3,4,Medical,1,760,1,Female,91,2,3,Sales Representative,3,Divorced,9291,3869,2,Y,Yes,20,3,3,80,2,21,1,4,2,0,2,2
30,No,Non-Travel,262,Research & Development,5,4,Life Sciences,1,761,2,Male,78,2,1,Healthcare Representative,4,Single,1865,13496,4,Y,No,23,3,3,80,1,9,1,4,7,7,0,4
37,No,Travel_Rarely,159,Sales,13,4,Life Sciences,1,762,3,Female,49,3,3,Sales Representative,4,Single,9076,21028,1,Y,No,19,3,1,80,3,17,3,2,0,0,0,0
59,Yes,Travel_Rarely,1154,Research & Development,4,2,Life Sciences,1,763,1,Male,58,4,2,Research Director,4,Single,3288,8838,1,Y,No,14,3,2,80,0,40,4,3,0,0,0,0
35,Yes,Travel_Rarely,432,Sales,4,3,Medical,1,764,3,Female,46,1,2,Sales Representative,3,Single,7206,15550,4,Y,No,15,3,3,80,2,16,3,2,2,0,2,2
46,No,Travel_Rarely,175,Sales,3,2,Medical,1,765,2,Male,51,4,2,Manager,3,Married,4032,22729,2,Y,No,13,3,3,80,0,25,5,2,0,0,0,0
29,No,Travel_Rarely,416,Sales,3,4,Life Sciences,1,766,4,Female,35,2,2,Sales Executive,3,Married,4720,7702,4,Y,Yes,15,3,1,80,0,9,5,2,4,0,1,4
35,No,Non-Travel,289,Research & Development,5,1,Medical,1,767,3,Female,91,3,1,Laboratory Technician,4,Married,2706,15027,5,Y,No,18,3,2,80,1,15,3,4,0,0,0,0
51,No,Travel_Frequently,1438,Research & Development,23,3,Life Sciences,1,768,2,Male,60,3,2,Research Scientist,3,Single,4293,13860,5,Y,No,18,3,2,80,1,33,5,4,9,9,0,0
30,Yes,Travel_Rarely,395,Sales,21,5,Medical,1,769,2,Male,91,2,2,Sales Executive,1,Married,5179,26459,3,Y,No,24,3,3,80,0,9,0,3,7,3,2,3
52,No,Travel_Frequently,600,Research & Development,6,5,Medical,1,770,4,Female,41,2,2,Research Scientist,2,Married,5719,26014,2,Y,No,18,4,4,80,0,33,3,3,1,1,1,1
42,No,Travel_Rarely,276,Research & Development,4,3,Medical,1,771,4,Female,41,2,3,Research Scientist,4,Married,9921,24286,1,Y,Yes,16,3,3,80,1,20,3,4,3,1,0,0
30,No,Travel_Rarely,899,Research & Development,13,3,Marketing,1,772,2,Male,92,3,2,Research Scientist,3,Married,5989,8032,1,Y,No,11,3,3,80,1,11,0,3,3,3,3,3
41,Yes,Travel_Frequently,905,Sales,9,1,Life Sciences,1,773,3,Female,45,4,4,Sales Executive,4,Married,11484,3825,2,Y,No,21,3,2,80,0,22,5,4,6,1,3,5
44,Yes,Travel_Frequently,959,Research & Development,17,4,Technical Degree,1,774,4,Male,54,4,1,Research Scientist,3,Single,2408,13554,3,Y,No,20,3,4,80,0,22,3,4,2,1,0,2
41,Yes,Non-Travel,314,Research & Development,10,4,Medical,1,775,4,Female,51,1,2,Research Director,1,Single,7936,21494,2,Y,Yes,22,3,4,80,0,20,2,3,0,0,0,0
21,No,Non-Travel,752,Research & Development,24,2,Medical,1,776,1,Male,47,4,3,Research Scientist,1,Divorced,9899,17333,8,Y,No,16,3,2,80,3,3,1,4,1,1,1,0
29,No,Travel_Rarely,696,Research & Development,17,3,Marketing,1,777,3,Female,74,3,2,Manufacturing Director,3,Divorced,3847,14470,2,Y,No,22,3,3,80,3,10,4,3,3,3,3,0
33,No,Travel_Rarely,1455,Sales,15,4,Life Sciences,1,778,4,Male,97,3,2,Sales Executive,2,Married,5124,5770,2,Y,No,21,4,4,80,1,14,2,3,14,2,0,2
35,No,Travel_Rarely,227,Research & Development,3,5,Marketing,1,779,1,Male,41,2,1,Research Director,4,Single,2290,2029,5,Y,No,20,3,3,80,3,14,2,2,10,4,2,7
41,No,Travel_Rarely,1392,Research & Development,3,2,Medical,1,780,4,Male,78,2,2,Research Director,1,Married,4830,10958,2,Y,No,17,3,4,80,1,20,5,4,1,1,0,1
37,No,Travel_Rarely,650,Sales,10,3,Life Sciences,1,781,3,Male,62,3,1,Sales Representative,3,Married,1731,17502,1,Y,No,24,3,1,80,0,17,3,1,6,1,3,6
23,No,Travel_Rarely,1489,Sales,1,2,Life Sciences,1,782,3,Male,92,4,5,Sales Representative,1,Married,15249,10806,3,Y,No,19,3,3,80,0,2,5,4,2,1,2,2
39,No,Travel_Rarely,718,Research & Development,3,1,Life Sciences,1,783,2,Male,47,2,1,Research Scientist,2,Single,3632,11196,2,Y,No,22,3,2,80,3,18,6,4,0,0,0,0
41,No,Travel_Rarely,447,Sales,21,5,Other,1,784,2,Female,83,3,4,Manager,2,Single,13737,4121,5,Y,Yes,18,3,2,80,1,22,5,4,6,0,2,0
41,No,Travel_Rarely,241,Sales,4,4,Marketing,1,785,1,Male,56,2,3,Sales Representative,4,Married,3017,5009,4,Y,Yes,21,4,4,80,2,23,6,3,3,3,3,1
45,Yes,Travel_Rarely,1268,Sales,2,4,Life Sciences,1,786,4,Male,54,2,2,Sales Representative,3,Married,6520,22203,2,Y,Yes,22,3,2,80,2,26,3,3,5,5,0,0
43,No,Travel_Rarely,891,Research & Development,5,1,Life Sciences,1,787,2,Male,63,4,2,Manufacturing Director,1,Single,6362,9739,3,Y,No,18,3,1,80,1,22,1,4,4,0,2,1
40,No,Travel_Frequently,344,Research & Development,2,4,Medical,1,788,1,Male,89,2,4,Laboratory Technician,2,Single,10922,26599,7,Y,No,17,3,3,80,0,20,2,4,20,7,0,0
35,Yes,Travel_Rarely,802,Sales,11,3,Technical Degree,1,789,1,Male,83,2,4,Sales Representative,3,Married,14151,6059,1,Y,Yes,12,3,4,80,0,17,2,4,1,0,1,0
21,Yes,Travel_Rarely,1413,Sales,15,3,Life Sciences,1,790,2,Male,34,4,1,Sales Executive,3,Divorced,1962,13285,6,Y,Yes,11,3,1,80,0,1,3,2,1,1,1,1
39,No,Travel_Rarely,1235,Research & Development,12,3,Life Sciences,1,791,3,Male,65,3,2,Laboratory Technician,1,Divorced,4412,4910,3,Y,No,12,3,2,80,0,17,3,3,1,1,1,1
37,No,Travel_Rarely,313,Research & Development,1,1,Human Resources,1,792,4,Male,83,1,2,Research Scientist,4,Married,6873,16674,0,Y,Yes,16,3,3,80,1,17,3,4,2,0,2,0
38,No,Travel_Frequently,299,Research & Development,3,4,Life Sciences,1,793,4,Male,65,4,1,Research Director,2,Married,2330,20354,2,Y,Yes,23,3,4,80,0,18,3,4,18,0,1,3
24,Yes,Travel_Rarely,504,Research & Development,1,3,Life Sciences,1,794,3,Male,98,3,2,Research Scientist,4,Single,2662,25039,1,Y,No,12,4,2,80,0,3,2,2,3,1,3,2
26,No,Travel_Frequently,520,Research & Development,1,2,Other,1,795,3,Male,68,4,4,Research Scientist,2,Married,11810,23151,4,Y,Yes,20,4,2,80,1,5,0,3,1,0,0,1
45,No,Travel_Frequently,106,Research & Development,10,2,Medical,1,796,3,Male,99,3,2,Laboratory Technician,3,Married,4901,14161,2,Y,Yes,14,3,2,80,0,24,1,1,4,0,0,3
35,No,Non-Travel,691,Sales,4,2,Life Sciences,1,797,3,Female,33,3,3,Sales Representative,3,Married,10396,13116,2,Y,No,20,3,2,80,1,14,4,4,0,0,0,0
42,No,Travel_Frequently,385,Research & Development,2,1,Life Sciences,1,798,3,Male,94,1,2,Manufacturing Director,3,Married,5017,15051,2,Y,No,13,3,2,80,1,21,2,4,1,0,1,1
36,No,Non-Travel,770,Sales,2,3,Life Sciences,1,799,3,Female,69,4,2,Sales Executive,3,Single,4473,19626,3,Y,Yes,16,3,4,80,1,16,4,3,6,0,1,0
36,No,Non-Travel,488,Research & Development,1,4,Life Sciences,1,800,3,Male,66,2,1,Research Scientist,1,Single,3153,19096,1,Y,Yes,22,4,4,80,3,14,3,4,4,2,4,0
44,No,Travel_Rarely,515,Research & Development,14,1,Human Resources,1,801,1,Female,96,4,3,Healthcare Representative,2,Single,8241,15054,4,Y,Yes,22,3,4,80,0,23,2,4,3,3,2,0
31,Yes,Travel_Rarely,883,Research & Development,1,1,Medical,1,802,3,Female,60,2,4,Manager,1,Single,9749,16070,4,Y,No,23,3,2,80,0,9,2,2,5,0,5,2
36,No,Travel_Frequently,1106,Research & Development,3,3,Marketing,1,803,1,Male,76,4,3,Healthcare Representative,4,Single,10309,11485,2,Y,Yes,24,3,1,80,2,14,1,2,2,0,1,1
31,No,Travel_Rarely,1273,Sales,1,4,Other,1,804,1,Female,56,4,1,Sales Executive,4,Divorced,2621,21250,2,Y,No,18,3,1,80,1,12,3,3,0,0,0,0
32,No,Travel_Rarely,1114,Sales,4,3,Medical,1,805,2,Male,80,3,1,Manager,2,Married,2501,16413,3,Y,No,21,3,2,80,2,13,2,4,2,0,1,0
33,No,Non-Travel,527,Research & Development,3,3,Life Sciences,1,806,3,Male,49,3,1,Laboratory Technician,3,Married,2611,13855,4,Y,Yes,16,3,4,80,0,15,5,4,11,3,7,3
37,No,Travel_Rarely,1104,Research & Development,10,3,Medical,1,807,1,Female,42,4,2,Laboratory Technician,1,Divorced,3661,8153,2,Y,No,12,3,4,80,2,18,2,2,9,0,0,2
31,No,Travel_Rarely,1416,Research & Development,10,2,Human Resources,1,808,2,Female,92,3,3,Laboratory Technician,2,Divorced,6944,7587,3,Y,No,15,3,4,80,3,10,2,3,2,0,2,0
47,No,Non-Travel,433,Sales,1,1,Technical Degree,1,809,2,Male,73,3,1,Sales Executive,1,Married,2502,10827,2,Y,No,21,3,2,80,1,25,2,3,0,0,0,0
27,No,Travel_Rarely,371,Sales,1,4,Life Sciences,1,810,1,Male,53,3,4,Sales Representative,1,Divorced,11416,26097,4,Y,No,23,4,3,80,0,9,1,4,5,0,1,5
34,No,Travel_Frequently,1166,Research & Development,18,4,Marketing,1,811,4,Male,32,3,2,Laboratory Technician,1,Married,6590,8861,2,Y,No,16,3,3,80,2,15,3,4,6,4,1,4
32,No,Travel_Rarely,418,Sales,12,3,Medical,1,812,4,Male,39,2,3,Sales Executive,4,Single,8434,12804,6,Y,No,19,3,4,80,2,12,2,2,1,0,1,0
49,No,Travel_Rarely,626,Sales,3,4,Human Resources,1,813,4,Female,94,1,5,Sales Executive,4,Married,20633,15979,1,Y,No,16,3,3,80,2,31,0,4,3,3,2,3
37,No,Non-Travel,859,Research & Development,1,4,Life Sciences,1,814,3,Male,78,3,1,Research Scientist,4,Married,2505,3297,4,Y,No,20,3,2,80,0,16,1,4,16,1,0,0
45,No,Travel_Rarely,1295,Research & Development,2,2,Medical,1,815,4,Male,87,3,4,Laboratory Technician,4,Married,15168,16745,2,Y,No,15,3,1,80,2,23,4,2,4,4,4,1
22,No,Travel_Rarely,420,Sales,8,3,Human Resources,1,816,4,Male,31,4,1,Sales Executive,4,Single,2748,2357,2,Y,No,11,3,4,80,0,1,1,3,1,0,1,0
38,No,Travel_Rarely,838,Sales,23,2,Medical,1,817,2,Male,95,3,2,Sales Executive,1,Single,5016,18300,4,Y,No,20,3,3,80,0,17,2,2,4,0,4,4
44,No,Travel_Rarely,1167,Research & Development,7,2,Medical,1,818,3,Male,60,3,4,Manufacturing Director,3,Married,11960,16433,3,Y,No,15,3,3,80,1,24,1,3,0,0,0,0
36,No,Non-Travel,553,Research & Development,1,4,Life Sciences,1,819,3,Female,97,3,4,Manufacturing Director,4,Single,9136,23486,2,Y,No,15,3,4,80,0,16,0,2,1,0,1,0
45,No,Non-Travel,845,Research & Development,8,4,Life Sciences,1,820,3,Female,66,2,2,Healthcare Representative,3,Married,5633,18624,4,Y,No,16,3,3,80,1,23,2,3,12,4,1,7
31,No,Travel_Frequently,1028,Research & Development,23,5,Life Sciences,1,821,4,Female,53,4,2,Laboratory Technician,3,Married,4949,12796,1,Y,Yes,17,3,2,80,1,12,4,3,1,1,1,1
48,No,Travel_Rarely,947,Sales,3,4,Other,1,822,3,Male,73,3,3,Sales Representative,3,Married,6996,25238,3,Y,No,23,3,2,80,0,27,4,3,1,1,0,1
56,No,Travel_Rarely,967,Research & Development,21,2,Life Sciences,1,823,4,Female,70,4,4,Research Director,3,Married,15319,20210,5,Y,No,23,4,1,80,1,37,4,3,3,0,3,0
32,No,Travel_Rarely,873,Sales,8,1,Medical,1,824,2,Female,80,2,1,Sales Representative,2,Divorced,1718,10115,1,Y,Yes,14,4,1,80,3,10,0,3,10,3,1,1
31,No,Travel_Rarely,182,Sales,1,4,Marketing,1,825,4,Female,71,3,3,Sales Representative,3,Married,7155,21942,0,Y,No,17,3,1,80,0,10,4,4,7,2,6,7
49,No,Travel_Rarely,642,Research & Development,1,3,Life Sciences,1,826,1,Male,69,4,2,Laboratory Technician,1,Married,6284,5860,4,Y,No,15,3,2,80,1,30,4,2,0,0,0,0
50,No,Travel_Frequently,421,Research & Development,1,4,Medical,1,827,4,Male,77,3,2,Manager,1,Married,5394,14443,4,Y,No,16,3,1,80,0,29,1,3,5,1,2,5
31,No,Travel_Rarely,885,Research & Development,9,4,Marketing,1,828,3,Male,33,3,2,Research Scientist,4,Single,4940,6447,2,Y,No,14,3,2,80,1,11,3,3,3,3,1,3
32,No,Travel_Rarely,1357,Sales,7,4,Technical Degree,1,829,3,Male,89,2,2,Sales Executive,3,Single,5313,22523,4,Y,Yes,22,3,1,80,0,12,4,3,3,3,1,3
33,No,Travel_Frequently,639,Research & Development,4,4,Medical,1,830,2,Male,68,3,4,Laboratory Technician,4,Single,12538,18521,2,Y,Yes,18,4,4,80,0,15,2,3,5,5,3,1
23,Yes,Travel_Rarely,351,Research & Development,2,1,Marketing,1,831,2,Male,34,3,2,Research Scientist,4,Married,3104,22118,1,Y,No,19,3,4,80,0,1,1,1,1,1,1,1
27,Yes,Travel_Frequently,935,Sales,19,4,Life Sciences,1,832,4,Male,35,2,5,Manager,2,Married,15515,3967,2,Y,Yes,12,3,3,80,3,8,1,3,8,1,2,0
26,No,Travel_Rarely,548,Research & Development,1,4,Other,1,833,1,Female,43,2,1,Laboratory Technician,4,Divorced,3510,8579,1,Y,No,22,3,4,80,1,5,4,2,5,0,3,1
29,Yes,Travel_Frequently,1362,Sales,2,2,Life Sciences,1,834,2,Male,99,4,3,Sales Representative,1,Single,6681,6849,4,Y,Yes,21,3,3,80,1,11,1,4,2,2,1,2
35,No,Travel_Frequently,589,Human Resources,1,4,Technical Degree,1,835,1,Male,41,4,3,Human Resources,4,Single,7363,26718,6,Y,No,14,4,4,80,0,13,3,3,4,4,1,1
38,No,Travel_Rarely,563,Research & Development,2,3,Life Sciences,1,836,3,Female,91,4,3,Laboratory Technician,4,Divorced,6916,9167,6,Y,No,21,3,3,80,1,16,3,2,1,0,0,1
49,No,Non-Travel,413,Research & Development,20,5,Other,1,837,2,Female,56,3,2,Research Scientist,4,Single,4891,24326,1,Y,No,18,3,3,80,0,27,4,3,5,1,0,5
27,No,Travel_Frequently,1298,Human Resources,1,1,Marketing,1,838,3,Female,83,3,2,Human Resources,4,Married,4271,9466,1,Y,No,18,3,4,80,0,8,2,4,0,0,0,0
44,No,Travel_Frequently,1303,Human Resources,1,3,Technical Degree,1,839,4,Female,41,2,4,Human Resources,2,Married,13460,24789,0,Y,No,19,3,3,80,1,24,1,3,2,0,2,2
34,No,Travel_Rarely,484,Research & Development,7,2,Life Sciences,1,840,4,Male,37,4,3,Laboratory Technician,4,Married,8394,14349,2,Y,No,13,3,2,80,0,16,3,4,6,0,0,3
35,Yes,Travel_Rarely,394,Research & Development,6,4,Medical,1,841,4,Female,45,3,1,Healthcare Representative,3,Single,2983,23899,3,Y,No,11,3,3,80,0,16,4,3,8,8,4,6
42,Yes,Travel_Frequently,1338,Research & Development,1,2,Medical,1,842,3,Male,81,3,4,Research Scientist,1,Single,8847,26435,1,Y,No,19,3,4,80,1,21,0,4,1,1,0,1
25,Yes,Travel_Rarely,1085,Human Resources,1,2,Technical Degree,1,843,2,Male,55,2,2,Human Resources,4,Single,4574,4019,1,Y,No,11,3,3,80,2,6,5,2,3,3,1,3
39,Yes,Travel_Rarely,861,Research & Development,1,3,Life Sciences,1,844,2,Male,37,3,1,Research Scientist,4,Married,2358,8174,4,Y,No,13,4,3,80,0,18,1,1,3,0,0,3
37,No,Travel_Frequently,868,Research & Development,15,5,Other,1,845,2,Male,74,4,4,Laboratory Technician,1,Married,13366,17689,4,Y,No,13,3,3,80,0,16,2,4,2,0,2,2
40,Yes,Travel_Rarely,1198,Sales,8,2,Human Resources,1,846,1,Male,48,4,2,Sales Representative,4,Single,4008,9092,3,Y,Yes,19,4,4,80,0,18,2,3,1,1,1,1
38,No,Travel_Frequently,443,Research & Development,24,2,Life Sciences,1,847,3,Female,46,4,3,Healthcare Representative,3,Married,9831,21233,2,Y,No,11,3,3,80,3,19,5,3,6,2,1,1
58,No,Travel_Rarely,241,Research & Development,1,4,Technical Degree,1,848,4,Female,94,3,1,Laboratory Technician,1,Divorced,3241,19576,2,Y,No,17,3,3,80,2,38,2,3,1,1,0,1
30,No,Travel_Frequently,817,Research & Development,4,3,Medical,1,849,4,Male,58,3,1,Laboratory Technician,3,Single,1881,12505,4,Y,No,12,3,3,80,1,9,4,4,9,6,1,0
31,No,Travel_Rarely,1322,Sales,10,5,Medical,1,850,4,Male,43,1,2,Sales Representative,4,Married,4386,4355,3,Y,No,17,3,1,80,3,9,2,2,3,3,2,1
30,No,Travel_Frequently,1294,Research & Development,1,2,Life Sciences,1,851,1,Female,46,3,1,Research Scientist,3,Married,2167,20890,4,Y,No,11,3,2,80,1,10,4,2,10,1,0,6
31,No,Travel_Rarely,505,Sales,9,4,Medical,1,852,3,Female,42,4,3,Sales Executive,4,Single,13264,2333,1,Y,No,23,3,4,80,3,12,1,3,1,0,1,1
30,No,Travel_Rarely,327,Sales,5,2,Marketing,1,853,4,Male,92,3,1,Manager,4,Single,2231,4562,1,Y,No,20,3,3,80,0,10,1,4,8,0,2,0
46,Yes,Travel_Rarely,510,Research & Development,4,2,Medical,1,854,3,Female,62,4,2,Manufacturing Director,4,Married,7097,16776,3,Y,Yes,20,3,2,80,0,27,6,4,0,0,0,0
48,Yes,Travel_Rarely,1051,Research & Development,8,4,Medical,1,855,2,Male,58,4,1,Manager,1,Divorced,1708,3795,3,Y,Yes,18,3,2,80,1,27,2,3,7,0,0,7
30,Yes,Travel_Rarely,997,Research & Development,5,3,Marketing,1,856,4,Male,66,2,1,Laboratory Technician,3,Divorced,1881,17270,2,Y,No,20,4,4,80,0,12,2,3,2,1,1,2
28,No,Travel_Frequently,790,Research & Development,13,4,Marketing,1,857,3,Female,75,3,3,Manufacturing Director,1,Married,6626,2253,2,Y,No,23,4,3,80,1,10,2,2,3,1,2,3
40,Yes,Travel_Rarely,977,Sales,21,3,Life Sciences,1,858,4,Male,53,3,1,Sales Executive,3,Married,1971,5657,8,Y,Yes,20,3,2,80,0,19,4,4,0,0,0,0
31,No,Travel_Frequently,886,Sales,7,3,Technical Degree,1,859,2,Male,43,2,3,Sales Executive,4,Married,7464,25886,5,Y,Yes,12,4,2,80,1,11,0,1,0,0,0,0
41,Yes,Travel_Rarely,161,Research & Development,2,3,Medical,1,860,4,Female,34,1,4,Laboratory Technician,1,Married,9873,11615,4,Y,Yes,13,3,3,80,0,22,1,3,5,2,1,2
37,No,Travel_Rarely,1450,Research & Development,12,5,Life Sciences,1,861,2,Female,82,3,3,Laboratory Technician,3,Married,6361,5237,0,Y,No,24,3,4,80,0,19,2,2,4,4,1,0
22,No,Travel_Rarely,978,Research & Development,1,2,Life Sciences,1,862,2,Male,59,3,3,Research Scientist,4,Single,10316,5331,3,Y,Yes,18,3,4,80,3,3,3,2,3,2,0,0
49,No,Travel_Rarely,1256,Sales,1,2,Medical,1,863,3,Male,89,3,1,Sales Executive,4,Married,3264,3027,2,Y,No,13,3,2,80,2,28,2,3,1,1,1,1
52,No,Non-Travel,1312,Research & Development,5,3,Human Resources,1,864,3,Male,57,4,1,Research Scientist,1,Married,3093,16199,1,Y,No,11,3,4,80,3,32,1,3,1,1,0,1
30,No,Travel_Rarely,455,Research & Development,8,3,Medical,1,865,2,Female,55,2,4,Manufacturing Director,3,Married,13571,20550,2,Y,No,19,3,3,80,2,11,4,3,8,6,0,0
32,No,Travel_Rarely,170,Research & Development,14,2,Technical Degree,1,866,4,Male,47,1,3,Laboratory Technician,4,Divorced,8185,15283,6,Y,No,18,3,3,80,1,12,0,4,7,0,3,1
38,No,Travel_Rarely,362,Research & Development,24,5,Life Sciences,1,867,4,Male,65,1,3,Research Scientist,3,Single,7005,14186,2,Y,No,14,3,4,80,1,20,4,3,2,2,1,1
39,No,Travel_Rarely,405,Research & Development,16,2,Medical,1,868,2,Female,37,3,3,Research Scientist,3,Single,6093,18853,1,Y,No,18,3,2,80,0,20,5,2,5,2,5,0
41,No,Travel_Rarely,657,Research & Development,29,5,Other,1,869,3,Male,47,4,2,Research Scientist,4,Single,5453,15781,0,Y,Yes,24,3,1,80,0,19,0,3,8,8,0,4
54,Yes,Travel_Rarely,1347,Research & Development,5,1,Technical Degree,1,870,3,Male,87,4,1,Manufacturing Director,3,Married,1766,17120,2,Y,Yes,15,3,4,80,0,36,3,2,10,0,1,0
34,No,Travel_Rarely,1451,Sales,3,4,Life Sciences,1,871,1,Male,61,2,3,Sales Executive,3,Married,6012,26044,2,Y,No,13,3,1,80,2,14,5,2,0,0,0,0
28,Yes,Travel_Rarely,861,Research & Development,4,5,Medical,1,872,4,Female,78,2,3,Healthcare Representative,1,Married,10305,26289,1,Y,Yes,11,3,4,80,0,7,3,4,7,2,0,5
23,No,Travel_Rarely,687,Research & Development,8,2,Life Sciences,1,873,1,Male,77,3,2,Research Scientist,4,Married,7375,7983,3,Y,Yes,23,3,3,80,3,1,1,3,1,0,1,1
29,No,Travel_Rarely,173,Research & Development,5,5,Medical,1,874,4,Male,94,3,4,Research Scientist,4,Married,13179,3093,2,Y,No,20,3,1,80,1,10,1,3,6,3,2,4
35,No,Travel_Rarely,241,Research & Development,8,3,Technical Degree,1,875,2,Female,62,4,2,Research Director,4,Married,6383,6789,3,Y,No,15,3,2,80,2,17,6,4,2,2,0,0
52,Yes,Travel_Rarely,201,Research & Development,17,5,Technical Degree,1,876,3,Male,79,4,1,Manufacturing Director,3,Married,2346,4912,0,Y,No,21,4,1,80,0,33,2,3,4,4,2,2
31,No,Travel_Rarely,1188,Research & Development,1,4,Life Sciences,1,877,4,Male,33,4,4,Research Scientist,3,Married,7986,17111,1,Y,No,16,3,4,80,0,12,4,4,5,0,5,3
38,No,Travel_Rarely,292,Research & Development,1,3,Other,1,878,1,Male,65,4,3,Healthcare Representative,2,Divorced,9224,23873,0,Y,Yes,14,3,1,80,3,16,1,4,2,0,0,2
35,Yes,Non-Travel,1052,Research & Development,5,2,Medical,1,879,3,Male,57,3,2,Laboratory Technician,1,Single,5711,16332,4,Y,No,17,4,3,80,0,13,1,4,3,2,0,0
46,No,Travel_Rarely,1185,Research & Development,29,3,Medical,1,880,2,Male,32,1,1,Healthcare Representative,4,Single,2544,18564,2,Y,No,13,3,1,80,0,24,3,2,6,2,0,1
58,Yes,Travel_Rarely,1364,Research & Development,1,1,Medical,1,881,3,Male,35,2,1,Manufacturing Director,1,Married,2348,14259,3,Y,Yes,17,3,4,80,0,36,2,4,3,3,3,1
31,Yes,Travel_Frequently,509,Sales,29,2,Medical,1,882,3,Male,74,3,3,Sales Representative,2,Divorced,9924,11412,2,Y,No,24,3,4,80,0,10,3,2,0,0,0,0
31,No,Travel_Rarely,399,Research & Development,27,1,Medical,1,883,1,Male,52,3,2,Manager,4,Married,3767,22526,5,Y,No,11,3,3,80,0,11,4,4,0,0,0,0
45,No,Travel_Rarely,1318,Research & Development,2,3,Medical,1,884,3,Female,36,2,4,Research Scientist,4,Single,9678,22007,5,Y,Yes,17,3,4,80,1,23,1,2,5,0,1,2
42,Yes,Travel_Rarely,553,Research & Development,17,4,Medical,1,885,3,Female,90,2,4,Manufacturing Director,4,Married,8975,23113,3,Y,Yes,11,3,2,80,1,24,6,4,9,4,1,4
52,No,Travel_Rarely,673,Research & Development,1,2,Life Sciences,1,886,3,Female,94,2,3,Laboratory Technician,4,Married,8169,18006,4,Y,No,23,3,2,80,1,33,2,3,7,0,3,0
41,No,Travel_Frequently,718,Research & Development,4,2,Technical Degree,1,887,4,Female,35,2,2,Research Scientist,3,Single,3640,23643,5,Y,No,21,3,1,80,0,19,3,3,1,0,1,1
32,No,Non-Travel,736,Research & Development,4,4,Medical,1,888,3,Male,53,4,3,Research Scientist,1,Married,6631,26413,5,Y,No,11,3,3,80,2,14,4,4,3,3,1,2
41,Yes,Travel_Rarely,400,Sales,18,2,Life Sciences,1,889,3,Female,66,4,2,Sales Executive,4,Divorced,4117,11755,1,Y,Yes,12,3,1,80,2,20,0,2,1,1,1,0
45,No,Travel_Rarely,878,Research & Development,5,1,Technical Degree,1,890,3,Male,74,3,1,Manufacturing Director,4,Married,2337,6684,4,Y,No,12,3,4,80,0,27,1,3,22,3,0,3
43,Yes,Travel_Frequently,1088,Research & Development,4,2,Other,1,891,3,Female,80,1,1,Laboratory Technician,3,Married,1570,9854,2,Y,Yes,14,3,4,80,0,25,3,3,1,1,0,1
40,No,Travel_Rarely,301,Sales,8,5,Other,1,892,2,Female,74,4,2,Sales Representative,3,Married,5109,22016,2,Y,No,23,3,3,80,0,19,1,2,2,0,2,0
45,Yes,Non-Travel,773,Sales,3,4,Life Sciences,1,893,4,Female,92,3,4,Sales Executive,2,Single,15741,24357,0,Y,No,11,4,4,80,2,24,3,3,5,1,2,4
46,No,Travel_Rarely,401,Research & Development,6,3,Life Sciences,1,894,2,Female,58,3,1,Laboratory Technician,3,Divorced,2584,8417,4,Y,No,14,3,1,80,2,27,1,3,10,2,1,8
48,Yes,Travel_Frequently,436,Research & Development,24,4,Medical,1,895,2,Male,54,1,1,Research Director,4,Married,3463,19946,1,Y,No,12,3,2,80,3,26,2,1,0,0,0,0
41,No,Travel_Frequently,131,Research & Development,1,3,Life Sciences,1,896,3,Male,39,4,5,Laboratory Technician,2,Married,22669,15127,3,Y,No,14,3,3,80,0,23,2,3,1,1,1,1
34,Yes,Travel_Rarely,1221,Research & Development,4,4,Other,1,897,2,Male,64,4,1,Manufacturing Director,3,Married,2986,19797,0,Y,Yes,14,3,3,80,1,14,1,3,4,4,2,0
37,No,Non-Travel,872,Research & Development,1,4,Life Sciences,1,898,1,Male,84,4,3,Healthcare Representative,3,Married,8149,12698,3,Y,No,19,3,3,80,0,17,1,4,4,1,4,4
46,Yes,Travel_Rarely,1314,Research & Development,14,4,Life Sciences,1,899,2,Male,54,3,1,Healthcare Representative,4,Married,2514,24888,3,Y,No,19,3,1,80,0,27,1,4,0,0,0,0
28,No,Travel_Rarely,1171,Sales,1,2,Medical,1,900,4,Female,74,3,1,Sales Executive,2,Single,2977,19401,2,Y,No,11,3,3,80,1,8,2,4,5,5,0,0
39,No,Travel_Rarely,1373,Research & Development,1,1,Medical,1,901,1,Female,41,1,4,Healthcare Representative,4,Divorced,10824,17428,2,Y,No,15,3,4,80,0,20,0,4,3,3,3,1
32,No,Travel_Rarely,1349,Research & Development,17,3,Technical Degree,1,902,1,Male,33,2,1,Laboratory Technician,2,Divorced,1323,5654,2,Y,No,17,4,3,80,2,10,3,4,8,3,0,0
36,No,Non-Travel,1395,Research & Development,4,5,Medical,1,903,4,Female,96,2,2,Research Director,1,Married,5615,16997,4,Y,No,14,4,2,80,1,17,2,3,1,1,1,0
47,No,Non-Travel,764,Sales,9,3,Life Sciences,1,904,4,Female,46,1,1,Sales Executive,4,Divorced,1793,25226,5,Y,No,22,3,1,80,2,26,2,4,1,1,1,0
37,No,Travel_Rarely,427,Research & Development,15,4,Life Sciences,1,905,3,Female,94,2,1,Research Scientist,3,Single,1898,15742,3,Y,Yes,15,4,2,80,0,16,2,4,7,3,1,0
36,No,Travel_Rarely,896,Research & Development,3,5,Medical,1,906,4,Female,82,4,1,Research Scientist,3,Married,2500,10949,3,Y,No,12,4,3,80,3,15,2,2,6,0,2,0
23,Yes,Travel_Rarely,1303,Research & Development,2,2,Life Sciences,1,907,4,Male,86,3,1,Healthcare Representative,3,Married,2440,13971,4,Y,No,13,3,2,80,3,2,1,3,2,2,0,2
42,No,Travel_Rarely,913,Research & Development,1,4,Medical,1,908,3,Female,57,4,1,Laboratory Technician,4,Married,1617,17391,1,Y,Yes,17,3,4,80,3,21,4,2,7,2,0,7
41,No,Non-Travel,764,Research & Development,7,4,Medical,1,909,2,Female,45,2,3,Research Scientist,4,Married,8330,24482,2,Y,No,20,4,1,80,2,20,2,3,0,0,0,0
55,No,Travel_Frequently,845,Research & Development,2,5,Marketing,1,910,3,Male,50,2,2,Research Scientist,4,Married,6207,21968,3,Y,Yes,23,3,3,80,2,34,3,4,1,1,1,1
33,Yes,Non-Travel,1146,Research & Development,8,5,Other,1,911,3,Male,71,3,2,Research Director,2,Single,3589,18565,1,Y,No,17,3,3,80,1,12,1,4,1,0,1,1
37,No,Travel_Rarely,1029,Research & Development,3,4,Other,1,912,1,Female,83,4,2,Healthcare Representative,4,Married,6590,8829,3,Y,No,14,3,1,80,0,16,4,3,13,0,0,1
38,No,Travel_Rarely,1062,Research & Development,3,2,Other,1,913,4,Male,61,2,4,Laboratory Technician,2,Single,7319,12487,2,Y,No,22,3,4,80,1,16,0,3,3,3,3,1
50,Yes,Travel_Rarely,1493,Sales,2,4,Life Sciences,1,914,3,Female,67,2,4,Sales Representative,1,Married,18351,4667,1,Y,No,11,3,4,80,2,29,1,2,0,0,0,0
35,No,Travel_Frequently,1368,Research & Development,4,1,Life Sciences,1,915,4,Female,99,1,3,Laboratory Technician,1,Single,7177,11991,4,Y,No,11,3,2,80,3,16,1,2,1,1,1,1
38,No,Travel_Rarely,1283,Research & Development,1,4,Life Sciences,1,916,4,Male,67,3,4,Laboratory Technician,4,Single,12436,18287,9,Y,No,14,3,3,80,1,16,1,3,10,0,1,2
41,No,Travel_Rarely,472,Research & Development,3,5,Human Resources,1,917,2,Male,83,3,1,Research Director,2,Married,1317,8173,3,Y,Yes,14,3,4,80,0,21,3,4,9,2,1,2
37,No,Non-Travel,384,Research & Development,12,3,Other,1,918,4,Female,89,2,2,Research Scientist,2,Married,4922,23805,1,Y,No,16,3,3,80,1,19,5,4,11,0,0,2
31,No,Travel_Frequently,620,Human Resources,1,4,Technical Degree,1,919,4,Male,76,3,2,Human Resources,3,Divorced,5285,11691,3,Y,No,17,3,3,80,3,9,5,4,2,2,2,2
37,No,Travel_Rarely,796,Research & Development,23,3,Life Sciences,1,920,3,Male,41,4,2,Laboratory Technician,4,Married,4892,17208,3,Y,Yes,19,3,4,80,0,16,2,4,5,5,0,3
45,No,Travel_Rarely,906,Research & Development,5,3,Other,1,921,4,Male,82,2,2,Laboratory Technician,3,Married,4296,15235,4,Y,No,19,3,4,80,0,23,3,2,1,1,0,1
26,No,Non-Travel,746,Research & Development,1,3,Medical,1,922,2,Male,62,3,2,Laboratory Technician,4,Divorced,3816,15663,2,Y,Yes,20,3,3,80,1,8,2,2,0,0,0,0
37,Yes,Travel_Frequently,235,Sales,22,4,Life Sciences,1,923,3,Female,57,2,5,Sales Executive,4,Married,21804,11176,5,Y,Yes,22,3,1,80,0,19,3,3,0,0,0,0
29,No,Non-Travel,195,Sales,4,5,Medical,1,924,1,Male,32,4,3,Sales Executive,4,Single,8061,20748,5,Y,No,22,3,2,80,0,8,0,2,1,1,0,1
46,No,Travel_Rarely,1242,Research & Development,6,5,Life Sciences,1,925,4,Female,55,4,2,Laboratory Technician,2,Married,6925,17072,4,Y,No,15,3,3,80,0,25,4,2,4,0,2,3
22,No,Travel_Rarely,1497,Research & Development,1,2,Medical,1,926,4,Male,83,3,3,Research Scientist,4,Divorced,6947,7516,1,Y,Yes,20,3,4,80,2,3,2,2,3,0,2,3
30,No,Travel_Frequently,373,Research & Development,3,5,Life Sciences,1,927,1,Male,69,2,1,Research Scientist,2,Married,2228,21689,2,Y,No,21,4,3,80,0,12,3,1,0,0,0,0
39,No,Travel_Rarely,977,Research & Development,9,4,Medical,1,928,1,Female,95,3,1,Research Scientist,3,Single,3009,20599,1,Y,Yes,13,3,3,80,1,18,3,3,12,4,1,0
50,Yes,Travel_Rarely,949,Sales,1,2,Medical,1,929,2,Female,97,4,2,Sales Representative,4,Single,2971,18509,1,Y,No,13,3,1,80,2,32,5,3,2,1,0,2
35,No,Travel_Rarely,1300,Research & Development,6,1,Technical Degree,1,930,3,Male,76,4,2,Laboratory Technician,3,Single,3483,4620,9,Y,No,16,3,3,80,3,16,2,2,2,0,0,2
31,No,Travel_Rarely,883,Research & Development,9,2,Marketing,1,931,2,Male,31,4,1,Manufacturing Director,4,Married,3185,22599,0,Y,No,11,3,2,80,3,11,2,2,2,2,2,2
52,Yes,Travel_Frequently,1400,Sales,1,5,Medical,1,932,4,Male,71,2,3,Sales Representative,4,Married,5656,19835,3,Y,No,17,3,3,80,1,34,2,3,2,1,0,0
22,No,Travel_Rarely,1261,Sales,14,4,Technical Degree,1,933,4,Male,63,3,2,Sales Representative,4,Single,2726,11200,2,Y,No,13,3,4,80,3,3,3,3,1,1,1,1
18,No,Travel_Rarely,231,Research & Development,1,4,Human Resources,1,934,3,Female,50,3,2,Laboratory Technician,3,Divorced,7335,13896,1,Y,No,15,3,4,80,0,0,3,4,0,0,0,0
39,No,Travel_Rarely,1167,Sales,2,2,Life Sciences,1,935,2,Male,73,2,1,Sales Executive,4,Married,1628,23931,3,Y,No,17,3,4,80,2,20,2,2,7,2,1,1
31,No,Travel_Rarely,1246,Research & Development,26,4,Medical,1,936,4,Male,31,2,1,Laboratory Technician,2,Married,2615,25087,2,Y,Yes,17,3,3,80,1,9,4,1,8,3,1,3
26,No,Travel_Rarely,1259,Sales,1,1,Life Sciences,1,937,4,Male,88,3,4,Sales Representative,3,Divorced,12207,25753,2,Y,No,19,4,4,80,0,5,1,4,2,2,2,2
42,Yes,Travel_Rarely,1490,Sales,13,3,Life Sciences,1,938,1,Female,45,1,2,Sales Executive,4,Single,1486,21514,2,Y,No,11,3,3,80,1,24,4,2,7,3,1,0
38,No,Non-Travel,472,Research & Development,8,4,Marketing,1,939,3,Female,49,4,5,Healthcare Representative,4,Married,15863,2696,3,Y,No,13,3,4,80,0,16,3,3,5,0,0,4
30,No,Non-Travel,1249,Sales,7,2,Technical Degree,1,940,4,Male,55,4,5,Sales Representative,1,Married,18905,4270,1,Y,No,19,3,3,80,2,12,6,4,12,1,0,3
24,No,Travel_Rarely,907,Sales,6,4,Life Sciences,1,941,3,Female,45,3,2,Sales Executive,4,Divorced,5442,11226,1,Y,No,18,4,4,80,0,2,1,1,2,0,1,2
43,No,Travel_Rarely,843,Research & Development,1,2,Technical Degree,1,942,4,Male,99,4,1,Research Scientist,4,Married,3064,18060,4,Y,No,12,3,2,80,1,22,1,2,22,1,1,1
41,No,Travel_Frequently,150,Research & Development,8,4,Technical Degree,1,943,4,Male,52,3,4,Manufacturing Director,4,Single,10837,11727,5,Y,No,18,3,4,80,0,22,6,2,6,6,2,0
35,No,Travel_Frequently,1260,Sales,24,3,Other,1,944,2,Female,71,3,5,Sales Executive,1,Divorced,20028,11005,4,Y,No,18,3,1,80,0,17,2,2,7,3,1,0
52,No,Non-Travel,1281,Research & Development,1,3,Life Sciences,1,945,4,Female,66,1,2,Research Scientist,4,Single,4138,26885,2,Y,No,12,3,1,80,3,33,3,2,0,0,0,0
26,No,Travel_Rarely,155,Research & Development,3,1,Human Resources,1,946,1,Female,35,4,3,Research Director,3,Divorced,5179,17084,2,Y,No,18,3,3,80,2,5,1,3,3,0,3,0
22,No,Travel_Frequently,843,Sales,5,1,Life Sciences,1,947,1,Male,66,3,3,Sales Executive,1,Divorced,5404,21795,2,Y,No,13,3,2,80,3,4,3,4,3,0,0,1
29,No,Travel_Rarely,527,Sales,2,5,Medical,1,948,2,Male,51,3,2,Manager,4,Single,3172,22102,1,Y,No,17,3,3,80,0,9,1,1,0,0,0,0
35,No,Travel_Rarely,542,Research & Development,10,2,Life Sciences,1,949,3,Female,35,3,2,Manufacturing Director,1,Married,6261,16816,2,Y,No,23,3,3,80,0,15,0,1,1,1,0,1
38,No,Travel_Rarely,425,Research & Development,9,4,Life Sciences,1,950,1,Male,61,1,4,Healthcare Representative,2,Single,7456,8717,2,Y,No,19,3,2,80,1,18,0,3,15,1,1,1
33,Yes,Travel_Rarely,739,Research & Development,1,5,Marketing,1,951,2,Male,46,4,3,Research Scientist,1,Married,8548,23304,2,Y,No,14,4,3,80,1,12,4,3,2,0,1,1
39,No,Travel_Rarely,928,Research & Development,6,2,Medical,1,952,1,Male,67,4,1,Research Scientist,2,Married,2333,20428,1,Y,No,21,4,4,80,0,19,1,3,1,0,1,1
24,No,Travel_Rarely,179,Research & Development,3,2,Life Sciences,1,953,3,Female,46,4,2,Laboratory Technician,3,Married,4871,3116,0,Y,No,16,3,4,80,2,6,1,3,3,3,0,2
48,Yes,Travel_Rarely,573,Sales,2,4,Life Sciences,1,954,4,Male,66,4,1,Sales Executive,4,Divorced,3352,19540,2,Y,No,19,3,1,80,0,28,4,4,0,0,0,0
35,No,Travel_Rarely,476,Research & Development,15,5,Marketing,1,955,3,Male,52,2,1,Laboratory Technician,4,Married,2225,17179,3,Y,No,21,3,3,80,0,17,5,3,3,3,0,0
46,No,Travel_Rarely,1018,Research & Development,1,5,Life Sciences,1,956,4,Female,78,2,4,Laboratory Technician,3,Married,13834,2988,1,Y,Yes,21,3,1,80,0,25,4,3,4,0,0,3
39,No,Travel_Frequently,432,Research & Development,5,3,Technical Degree,1,957,1,Male,90,4,1,Research Scientist,3,Divorced,2523,12658,1,Y,No,15,3,3,80,1,20,2,2,2,2,0,1
40,Yes,Non-Travel,1298,Human Resources,5,4,Life Sciences,1,958,2,Male,78,1,1,Human Resources,1,Divorced,2404,7587,1,Y,Yes,22,3,3,80,2,18,2,4,7,2,2,7
41,Yes,Travel_Rarely,540,Research & Development,6,2,Life Sciences,1,959,1,Male,90,1,1,Healthcare Representative,3,Single,3937,20212,2,Y,No,11,3,4,80,1,21,2,2,0,0,0,0
40,No,Travel_Rarely,225,Research & Development,1,5,Medical,1,960,2,Male,61,4,2,Research Scientist,4,Divorced,3198,17803,5,Y,Yes,13,3,4,80,1,18,2,4,10,0,0,1
41,No,Travel_Rarely,318,Research & Development,16,5,Medical,1,961,3,Male,92,3,2,Research Scientist,1,Single,6611,26256,1,Y,Yes,21,3,4,80,0,22,3,3,15,1,0,2
47,Yes,Travel_Frequently,1047,Research & Development,26,2,Life Sciences,1,962,3,Male,36,3,1,Manufacturing Director,2,Divorced,2910,18271,3,Y,No,19,4,3,80,3,26,4,3,0,0,0,0
37,No,Travel_Rarely,377,Research & Development,6,2,Life Sciences,1,963,1,Female,51,3,1,Manager,4,Single,2200,12269,0,Y,No,13,3,3,80,3,16,1,3,9,0,0,0
42,No,Travel_Rarely,694,Research & Development,2,1,Other,1,964,1,Male,35,4,1,Laboratory Technician,3,Single,3518,8088,3,Y,No,21,3,4,80,1,23,2,3,3,3,0,0
35,No,Travel_Rarely,1034,Research & Development,16,2,Marketing,1,965,2,Female,90,4,2,Research Scientist,2,Married,2689,4345,1,Y,Yes,21,3,1,80,0,13,0,3,3,0,1,2
48,No,Travel_Rarely,240,Research & Development,29,4,Life Sciences,1,966,4,Male,43,3,1,Laboratory Technician,4,Married,2173,11276,2,Y,No,20,3,2,80,1,28,1,3,1,1,1,1
29,No,Travel_Rarely,945,Research & Development,10,3,Medical,1,967,1,Male,45,4,4,Research Director,1,Married,8374,12543,1,Y,No,12,3,1,80,1,11,4,2,2,1,0,1
52,No,Travel_Rarely,1107,Research & Development,3,1,Human Resources,1,968,3,Male,32,3,2,Healthcare Representative,4,Single,5515,5005,3,Y,No,14,3,2,80,3,31,3,3,15,2,2,1
35,No,Travel_Rarely,976,Research & Development,2,3,Life Sciences,1,969,1,Male,38,1,1,Manufacturing Director,3,Married,1804,6435,2,Y,No,15,3,3,80,3,16,5,1,1,1,0,0
23,Yes,Non-Travel,209,Research & Development,1,5,Life Sciences,1,970,4,Female,76,3,3,Laboratory Technician,4,Divorced,8866,18220,2,Y,Yes,17,3,2,80,2,1,3,2,0,0,0,0
37,No,Travel_Frequently,1175,Research & Development,2,4,Technical Degree,1,971,3,Male,71,1,1,Laboratory Technician,3,Married,2383,12687,1,Y,No,17,3,4,80,0,17,2,3,1,0,1,1
29,No,Travel_Frequently,712,Research & Development,2,3,Medical,1,972,1,Male,71,2,3,Research Scientist,2,Single,7041,16147,2,Y,No,19,3,3,80,3,7,2,4,4,1,1,1
43,No,Non-Travel,812,Research & Development,27,2,Medical,1,973,4,Female,52,2,1,Manufacturing Director,3,Married,2742,15613,2,Y,No,23,3,4,80,1,23,3,3,13,5,6,4
30,No,Travel_Rarely,1442,Research & Development,8,5,Life Sciences,1,974,3,Female,32,3,2,Manufacturing Director,1,Single,4664,17216,2,Y,No,18,3,4,80,2,12,4,4,4,1,0,1
31,No,Travel_Frequently,1322,Research & Development,1,4,Life Sciences,1,975,4,Female,30,3,3,Manager,2,Divorced,5822,8628,2,Y,No,23,3,4,80,1,13,4,3,1,1,1,1
18,No,Travel_Rarely,895,Research & Development,5,2,Medical,1,976,3,Male,96,2,4,Research Scientist,3,Divorced,20404,2076,2,Y,Yes,12,3,4,80,0,0,2,4,0,0,0,0
31,No,Travel_Rarely,828,Human Resources,1,1,Life Sciences,1,977,3,Female,32,2,1,Human Resources,2,Married,2195,7752,2,Y,Yes,22,3,1,80,1,12,1,3,2,2,2,2
18,Yes,Non-Travel,1169,Sales,7,1,Medical,1,978,4,Male,78,2,2,Sales Executive,4,Married,2227,20946,2,Y,Yes,18,3,2,80,0,0,2,3,0,0,0,0
21,No,Travel_Rarely,604,Research & Development,3,2,Medical,1,979,3,Male,96,3,2,Manufacturing Director,3,Divorced,3947,19956,1,Y,No,18,4,4,80,0,1,3,3,1,1,0,1
42,No,Travel_Rarely,1140,Research & Development,1,3,Life Sciences,1,980,4,Male,84,2,4,Healthcare Representative,2,Married,8198,25471,2,Y,Yes,15,3,3,80,2,22,4,3,0,0,0,0
43,No,Travel_Frequently,414,Research & Development,2,5,Other,1,981,1,Male,33,3,4,Research Scientist,2,Divorced,14478,16994,0,Y,No,23,3,1,80,0,23,2,4,9,3,2,3
39,No,Travel_Rarely,176,Research & Development,8,3,Technical Degree,1,982,4,Male,60,3,1,Research Scientist,4,Married,2701,7970,3,Y,No,13,4,3,80,0,21,1,2,3,1,0,2
27,Yes,Travel_Frequently,1077,Research & Development,4,4,Marketing,1,983,3,Male,95,1,1,Laboratory Technician,1,Married,2749,9952,4,Y,No,19,3,4,80,0,8,3,3,8,8,3,8
35,No,Travel_Rarely,998,Sales,5,3,Life Sciences,1,984,3,Female,93,3,2,Sales Executive,4,Married,4537,24993,1,Y,No,22,3,4,80,1,16,4,3,15,10,0,1
35,No,Travel_Rarely,1494,Research & Development,13,4,Life Sciences,1,985,2,Male,60,4,1,Healthcare Representative,2,Married,2325,26440,4,Y,Yes,17,4,3,80,3,14,1,2,14,8,3,4
25,Yes,Travel_Rarely,1288,Sales,8,4,Medical,1,986,1,Male,92,1,2,Sales Executive,2,Divorced,4536,13862,4,Y,No,11,3,4,80,0,6,0,3,0,0,0,0
49,No,Travel_Rarely,1147,Research & Development,4,2,Life Sciences,1,987,3,Male,95,1,1,Healthcare Representative,3,Married,2449,5111,4,Y,No,18,3,3,80,0,30,3,3,14,4,0,1
43,No,Travel_Frequently,811,Sales,24,3,Other,1,988,3,Female,60,3,3,Sales Representative,4,Married,9670,4737,6,Y,No,20,3,3,80,3,21,4,3,7,3,6,0
34,No,Travel_Rarely,1158,Sales,1,4,Life Sciences,1,989,2,Male,76,4,4,Sales Representative,4,Single,13008,11544,4,Y,No,23,4,3,80,2,12,1,2,7,0,0,0
36,No,Non-Travel,953,Research & Development,2,1,Medical,1,990,1,Male,51,4,5,Laboratory Technician,3,Married,19125,23788,1,Y,No,15,3,4,80,0,15,3,3,0,0,0,0
37,Yes,Travel_Rarely,1261,Research & Development,19,3,Life Sciences,1,991,3,Female,75,1,2,Healthcare Representative,3,Married,5624,6649,3,Y,Yes,16,3,3,80,2,17,4,4,0,0,0,0
18,Yes,Non-Travel,808,Research & Development,15,3,Medical,1,992,1,Female,87,1,2,Research Scientist,3,Single,6105,5868,2,Y,No,19,3,2,80,1,0,1,3,0,0,0,0
33,No,Non-Travel,364,Research & Development,1,5,Life Sciences,1,993,4,Male,90,2,4,Laboratory Technician,3,Single,12864,21521,2,Y,No,20,3,3,80,2,12,1,4,1,1,1,1
29,Yes,Travel_Rarely,432,Research & Development,21,3,Medical,1,994,1,Female,75,3,1,Research Scientist,1,Married,2724,9824,3,Y,No,24,3,3,80,1,11,3,1,0,0,0,0
26,No,Travel_Rarely,287,Research & Development,1,4,Life Sciences,1,995,1,Female,30,3,3,Laboratory Technician,3,Married,10377,24520,1,Y,No,18,3,3,80,3,7,3,2,2,2,1,2
33,No,Travel_Rarely,1186,Research & Development,13,3,Human Resources,1,996,2,Female,54,4,2,Laboratory Technician,2,Married,4168,9799,1,Y,Yes,24,3,2,80,0,15,1,2,12,1,0,2
52,No,Travel_Rarely,919,Sales,2,4,Life Sciences,1,997,1,Male,90,4,1,Sales Executive,3,Single,1965,21870,0,Y,Yes,21,3,3,80,0,33,6,3,3,3,0,3
41,No,Travel_Rarely,1402,Research & Development,1,3,Other,1,998,4,Female,43,3,2,Manager,3,Married,3517,14379,0,Y,No,24,3,1,80,0,20,2,2,12,0,0,2
30,No,Travel_Rarely,1294,Human Resources,4,5,Technical Degree,1,999,2,Male,74,3,1,Human Resources,4,Single,2614,19386,4,Y,No,24,3,4,80,1,11,5,4,2,2,1,0
41,No,Travel_Rarely,398,Research & Development,18,3,Life Sciences,1,1000,2,Male,68,3,3,Healthcare Representative,3,Married,4292,10614,4,Y,Yes,13,3,3,80,3,21,3,4,1,1,1,1
48,Yes,Travel_Rarely,300,Sales,12,4,Technical Degree,1,1001,4,Male,95,3,1,Manager,3,Single,2788,13101,3,Y,No,23,3,4,80,1,28,2,2,3,3,0,3
44,Yes,Non-Travel,1258,Research & Development,27,4,Life Sciences,1,1002,1,Male,61,4,1,Research Scientist,3,Single,2431,9906,2,Y,Yes,15,3,4,80,0,23,3,4,4,1,0,2
36,Yes,Travel_Rarely,371,Research & Development,6,3,Other,1,1003,1,Male,87,3,1,Manufacturing Director,4,Single,3209,7359,2,Y,No,14,3,3,80,1,14,3,3,2,2,0,2
30,No,Travel_Rarely,634,Sales,5,2,Medical,1,1004,2,Female,85,2,4,Sales Executive,2,Married,9984,22914,1,Y,No,24,4,2,80,1,10,4,2,2,2,0,2
42,No,Travel_Rarely,1210,Research & Development,1,1,Life Sciences,1,1005,2,Male,35,3,2,Research Scientist,2,Single,4745,11615,2,Y,No,11,3,3,80,3,21,6,4,1,1,0,1
39,No,Travel_Rarely,130,Sales,1,1,Life Sciences,1,1006,4,Male,96,3,2,Sales Executive,3,Married,6402,20017,8,Y,Yes,15,4,4,80,1,21,1,2,1,0,0,1
44,Yes,Travel_Rarely,1244,Research & Development,5,5,Life Sciences,1,1007,4,Male,79,3,2,Research Director,4,Married,6728,25053,5,Y,Yes,20,3,2,80,1,22,6,3,5,0,0,3
41,No,Travel_Frequently,168,Research & Development,11,2,Other,1,1008,4,Male,67,4,2,Research Scientist,4,Married,4149,3753,0,Y,No,17,3,2,80,2,21,5,4,2,2,2,0
45,No,Travel_Rarely,982,Research & Development,13,2,Life Sciences,1,1009,4,Female,32,2,1,Laboratory Technician,3,Married,2613,15481,2,Y,No,11,3,4,80,2,24,2,4,0,0,0,0
31,No,Travel_Frequently,1060,Sales,2,4,Marketing,1,1010,4,Male,34,3,3,Sales Executive,2,Divorced,8588,16130,1,Y,No,14,3,4,80,1,10,2,1,0,0,0,0
47,Yes,Travel_Rarely,926,Research & Development,9,3,Medical,1,1011,4,Male,53,4,1,Research Director,4,Single,2733,13114,0,Y,Yes,16,3,3,80,0,29,3,1,2,2,1,2
37,Yes,Travel_Frequently,1023,Sales,14,3,Other,1,1012,1,Male,83,4,1,Sales Executive,4,Married,2335,24737,2,Y,Yes,21,3,3,80,2,19,5,4,12,12,2,8
54,No,Travel_Frequently,1269,Sales,3,2,Life Sciences,1,1013,3,Male,63,3,3,Sales Representative,2,Single,10562,12495,2,Y,No,22,3,3,80,2,32,3,4,2,1,0,0
29,No,Non-Travel,1083,Research & Development,9,5,Medical,1,1014,3,Male,68,3,1,Manufacturing Director,4,Single,1318,26648,6,Y,No,19,3,3,80,2,9,2,4,0,0,0,0
51,No,Non-Travel,1456,Research & Development,4,4,Medical,1,1015,2,Female,77,3,1,Manufacturing Director,1,Married,2236,2146,5,Y,Yes,21,3,3,80,3,30,3,4,2,0,0,2
37,Yes,Non-Travel,580,Sales,29,5,Marketing,1,1016,1,Female,78,2,2,Manager,4,Married,5559,9507,7,Y,No,18,4,3,80,2,15,0,4,5,1,0,3
30,No,Non-Travel,1386,Research & Development,1,3,Life Sciences,1,1017,4,Male,63,3,2,Healthcare Representative,3,Divorced,5571,18700,1,Y,No,12,3,3,80,2,8,2,3,4,0,4,1
31,No,Travel_Rarely,392,Research & Development,4,4,Life Sciences,1,1018,2,Female,36,4,3,Research Scientist,1,Married,10705,17977,5,Y,No,21,3,2,80,3,13,3,4,1,1,1,1
33,No,Travel_Rarely,185,Research & Development,2,2,Life Sciences,1,1019,3,Female,47,3,2,Laboratory Technician,1,Divorced,6497,10797,5,Y,No,13,3,1,80,0,12,3,1,5,5,0,2
39,No,Travel_Frequently,1139,Research & Development,15,1,Marketing,1,1020,2,Female,99,3,3,Laboratory Technician,4,Single,7428,10766,2,Y,No,20,3,4,80,1,20,2,4,4,0,1,1
40,No,Travel_Rarely,827,Research & Development,2,1,Life Sciences,1,1021,3,Male,63,2,3,Laboratory Technician,3,Single,10599,3177,0,Y,No,23,4,1,80,1,22,2,3,0,0,0,0
30,No,Travel_Rarely,727,Research & Development,6,3,Medical,1,1022,2,Male,80,3,1,Laboratory Technician,3,Single,2053,13518,5,Y,No,15,4,4,80,0,9,2,4,0,0,0,0
35,No,Travel_Rarely,217,Sales,10,3,Life Sciences,1,1023,2,Male,97,4,1,Sales Executive,3,Single,3081,5422,1,Y,Yes,21,4,2,80,2,13,2,4,3,3,1,3
55,No,Travel_Rarely,369,Research & Development,5,3,Technical Degree,1,1024,4,Female,43,2,2,Laboratory Technician,3,Married,7263,4594,4,Y,No,17,3,2,80,2,33,1,2,5,3,0,0
51,No,Travel_Rarely,1078,Research & Development,4,1,Other,1,1025,4,Female,98,2,1,Manager,4,Married,3259,13074,3,Y,No,13,3,2,80,2,31,1,4,16,16,0,2
39,Yes,Travel_Rarely,954,Human Resources,1,3,Medical,1,1026,3,Male,37,1,5,Human Resources,4,Single,17449,26887,1,Y,No,22,3,1,80,3,20,2,4,2,2,1,2
36,No,Travel_Rarely,261,Sales,1,4,Life Sciences,1,1027,3,Male,44,1,3,Manager,2,Divorced,7336,19148,2,Y,No,17,3,2,80,0,18,4,2,7,1,1,0
37,No,Travel_Rarely,799,Sales,25,3,Life Sciences,1,1028,4,Female,88,3,1,Sales Executive,3,Divorced,1544,26220,1,Y,No,15,4,1,80,2,17,6,4,0,0,0,0
41,No,Travel_Rarely,1227,Research & Development,8,4,Life Sciences,1,1029,1,Female,40,3,1,Manufacturing Director,2,Single,2694,24661,5,Y,No,20,3,3,80,1,21,4,3,11,2,2,0
26,Yes,Travel_Rarely,266,Sales,13,2,Life Sciences,1,1030,1,Female,49,3,1,Sales Representative,3,Single,1802,13392,1,Y,Yes,16,3,1,80,0,7,3,3,5,5,2,2
33,No,Non-Travel,399,Research & Development,5,4,Marketing,1,1031,2,Female,84,3,1,Laboratory Technician,4,Single,2004,2435,6,Y,No,16,3,1,80,0,15,0,4,4,1,0,2
20,No,Travel_Rarely,127,Research & Development,2,3,Medical,1,1032,2,Male,65,3,1,Laboratory Technician,3,Single,1755,5351,3,Y,No,21,3,3,80,2,2,3,4,0,0,0,0
39,No,Non-Travel,661,Research & Development,2,2,Other,1,1033,4,Male,43,1,2,Laboratory Technician,2,Single,4424,13169,4,Y,No,21,3,3,80,1,17,3,2,0,0,0,0
41,No,Travel_Rarely,982,Research & Development,1,2,Medical,1,1034,3,Female,87,4,4,Laboratory Technician,4,Married,11916,21314,2,Y,No,24,3,1,80,2,23,1,4,6,6,1,3
31,No,Travel_Rarely,255,Sales,12,4,Marketing,1,1035,3,Male,67,3,3,Manager,1,Single,8547,18518,1,Y,No,22,3,2,80,1,11,4,1,0,0,0,0
50,No,Non-Travel,1447,Research & Development,6,4,Medical,1,1036,3,Male,30,2,1,Healthcare Representative,4,Married,2124,23002,2,Y,No,14,3,1,80,0,28,3,3,0,0,0,0
24,Yes,Travel_Rarely,1471,Sales,5,3,Medical,1,1037,4,Female,94,2,2,Sales Executive,1,Divorced,6336,10995,0,Y,No,22,3,4,80,0,6,2,1,1,1,1,1
22,No,Travel_Frequently,1244,Sales,15,2,Life Sciences,1,1038,2,Male,30,3,2,Sales Executive,2,Married,4739,4366,1,Y,No,18,3,3,80,0,3,2,2,0,0,0,0
38,No,Non-Travel,751,Research & Development,4,5,Medical,1,1039,3,Female,89,2,3,Laboratory Technician,2,Divorced,6424,14367,4,Y,Yes,19,3,1,80,3,18,4,4,4,4,3,4
45,Yes,Non-Travel,920,Research & Development,23,4,Medical,1,1040,2,Male,54,4,4,Research Scientist,4,Single,12678,13454,1,Y,No,12,3,4,80,0,24,4,4,2,2,0,2
51,Yes,Travel_Rarely,660,Research & Development,1,3,Marketing,1,1041,4,Female,39,3,4,Manufacturing Director,4,Married,17890,11668,2,Y,Yes,19,3,4,80,3,32,3,4,1,1,1,0
31,Yes,Travel_Rarely,1287,Research & Development,29,3,Other,1,1042,4,Male,79,4,2,Research Scientist,3,Married,5418,5415,2,Y,Yes,21,4,2,80,3,12,1,2,2,0,0,0
45,No,Travel_Rarely,1185,Research & Development,13,2,Life Sciences,1,1043,4,Male,41,4,3,Laboratory Technician,3,Single,7274,12232,5,Y,Yes,22,3,1,80,3,27,3,3,9,0,0,2
35,No,Travel_Rarely,1463,Human Resources,3,4,Life Sciences,1,1044,3,Female,61,4,1,Human Resources,3,Single,1545,19390,0,Y,No,14,3,1,80,1,13,2,3,13,1,0,0
34,No,Travel_Rarely,411,Research & Development,7,3,Medical,1,1045,1,Male,62,3,2,Laboratory Technician,3,Married,4725,26292,0,Y,No,16,4,4,80,3,12,2,4,3,0,0,0
43,Yes,Travel_Rarely,475,Research & Development,15,5,Medical,1,1046,4,Female,55,2,1,Manufacturing Director,4,Married,2646,6691,2,Y,No,24,4,3,80,0,23,3,2,4,1,4,3
41,No,Travel_Rarely,1469,Sales,5,3,Life Sciences,1,1047,4,Female,71,3,2,Sales Executive,4,Married,4515,9669,5,Y,No,17,3,1,80,0,23,1,2,1,0,1,1
21,Yes,Non-Travel,249,Research & Development,1,3,Technical Degree,1,1048,2,Male,79,3,3,Manager,4,Married,4669,26213,4,Y,Yes,14,3,4,80,0,0,2,4,0,0,0,0
49,No,Travel_Frequently,684,Sales,18,3,Other,1,1049,2,Male,90,4,1,Sales Representative,3,Married,1968,20280,3,Y,No,18,3,3,80,3,28,2,2,6,3,0,2
48,Yes,Non-Travel,680,Research & Development,5,5,Other,1,1050,2,Male,70,2,1,Laboratory Technician,2,Single,3409,21449,2,Y,Yes,23,3,3,80,0,30,2,3,3,3,0,2
30,No,Travel_Frequently,1076,Research & Development,6,4,Life Sciences,1,1051,3,Male,86,3,1,Research Scientist,2,Married,3396,4748,1,Y,No,24,3,4,80,1,12,4,3,1,1,1,1
39,Yes,Travel_Rarely,276,Research & Development,1,3,Human Resources,1,1052,4,Female,31,4,1,Healthcare Representative,3,Single,1945,25076,1,Y,Yes,20,4,4,80,0,17,2,2,4,3,0,3
40,No,Travel_Rarely,453,Research & Development,1,4,Marketing,1,1053,1,Female,99,3,1,Research Director,2,Single,2920,4661,1,Y,No,18,3,1,80,0,21,3,2,14,0,2,8
38,No,Non-Travel,613,Research & Development,12,3,Medical,1,1054,4,Female,60,4,1,Healthcare Representative,1,Divorced,1763,21362,2,Y,No,11,4,3,80,0,20,3,4,10,2,0,1
31,No,Travel_Frequently,408,Sales,4,3,Medical,1,1055,2,Female,52,1,1,Sales Executive,3,Married,3377,25333,4,Y,No,18,3,3,80,2,12,3,4,7,7,2,1
29,Yes,Travel_Rarely,218,Research & Development,29,2,Technical Degree,1,1056,1,Male,83,3,1,Manager,3,Married,2653,24759,1,Y,Yes,20,3,1,80,1,9,0,3,1,0,1,0
35,No,Travel_Rarely,866,Sales,9,3,Medical,1,1057,2,Female,57,4,5,Sales Executive,3,Single,21035,24843,4,Y,No,24,3,2,80,3,15,3,3,1,0,1,0
46,No,Non-Travel,1095,Research & Development,23,2,Medical,1,1058,3,Female,48,2,1,Manufacturing Director,1,Married,1428,17173,1,Y,No,22,4,2,80,1,24,1,3,9,0,3,0
40,No,Travel_Frequently,1072,Research & Development,2,5,Medical,1,1059,4,Female,77,1,1,Research Director,3,Single,2923,13599,4,Y,No,13,3,4,80,3,20,3,2,1,1,1,1
32,Yes,Travel_Rarely,1015,Research & Development,1,3,Medical,1,1060,3,Female,31,1,2,Research Scientist,3,Single,4990,8107,5,Y,Yes,15,3,4,80,1,10,1,3,4,3,2,2
42,No,Travel_Rarely,577,Sales,3,5,Life Sciences,1,1061,3,Male,40,2,4,Manager,4,Single,14555,14698,1,Y,No,24,3,4,80,1,20,3,3,2,0,1,0
18,No,Travel_Frequently,686,Research & Development,2,3,Human Resources,1,1062,1,Female,73,2,3,Laboratory Technician,1,Divorced,9829,24885,4,Y,No,20,3,4,80,1,0,3,3,0,0,0,0
46,No,Travel_Rarely,450,Research & Development,7,4,Marketing,1,1063,1,Male,88,2,1,Manager,3,Married,2541,15309,4,Y,Yes,18,3,2,80,1,27,4,3,3,3,3,1
20,Yes,Travel_Rarely,294,Sales,10,3,Medical,1,1064,1,Male,88,3,2,Sales Executive,1,Married,4248,4661,0,Y,Yes,21,3,3,80,2,0,3,3,0,0,0,0
32,Yes,Travel_Rarely,1310,Research & Development,4,2,Life Sciences,1,1065,1,Male,67,1,3,Manager,1,Married,9559,17133,7,Y,Yes,16,3,3,80,1,13,5,4,0,0,0,0
25,No,Travel_Frequently,595,Sales,1,3,Medical,1,1066,3,Female,54,4,3,Sales Executive,1,Divorced,7879,24549,2,Y,No,14,3,3,80,2,7,3,1,7,7,1,4
24,No,Non-Travel,614,Research & Development,1,1,Life Sciences,1,1067,3,Female,50,3,3,Manufacturing Director,2,Single,6254,10210,1,Y,Yes,14,4,4,80,2,3,1,2,3,1,0,3
46,No,Travel_Frequently,795,Sales,1,4,Life Sciences,1,1068,1,Female,71,1,4,Sales Executive,4,Single,9239,5358,4,Y,No,22,3,3,80,0,28,3,4,14,6,7,6
31,No,Travel_Frequently,372,Sales,10,3,Medical,1,1069,2,Female,65,3,4,Sales Executive,4,Married,7568,2275,5,Y,Yes,14,3,3,80,1,13,2,1,3,3,0,2
39,Yes,Travel_Rarely,979,Sales,2,4,Medical,1,1070,1,Male,38,4,2,Sales Executive,2,Married,4362,6078,6,Y,No,16,3,3,80,0,17,5,4,3,0,3,1
35,No,Travel_Rarely,151,Research & Development,19,2,Medical,1,1071,4,Female,41,2,2,Manufacturing Director,3,Divorced,6378,23138,4,Y,No,17,4,4,80,1,14,2,3,14,2,0,2
40,Yes,Travel_Frequently,362,Research & Development,8,2,Life Sciences,1,1072,3,Male,39,4,3,Research Scientist,2,Single,8355,13137,1,Y,No,23,3,2,80,1,18,4,1,3,2,0,1
36,No,Travel_Rarely,1491,Sales,15,3,Medical,1,1073,3,Male,88,3,3,Sales Representative,3,Divorced,6940,6698,4,Y,No,15,3,4,80,3,17,5,1,3,3,1,0
24,Yes,Travel_Rarely,232,Research & Development,3,5,Life Sciences,1,1074,3,Male,34,4,1,Research Scientist,2,Divorced,3003,2364,0,Y,Yes,20,3,1,80,0,5,0,3,2,1,2,1
44,No,Travel_Rarely,1093,Research & Development,29,4,Other,1,1075,2,Female,62,4,5,Manager,1,Single,13461,12165,1,Y,Yes,24,3,1,80,0,23,1,2,0,0,0,0
31,Yes,Travel_Rarely,1348,Sales,9,3,Medical,1,1076,4,Female,98,4,1,Sales Executive,1,Married,2559,2794,1,Y,No,18,3,2,80,0,11,4,4,2,2,2,0
21,No,Travel_Rarely,409,Research & Development,3,3,Marketing,1,1077,4,Male,92,2,2,Research Scientist,4,Married,4775,15646,2,Y,No,17,3,4,80,0,2,2,3,2,2,0,0
32,No,Travel_Rarely,115,Research & Development,1,1,Life Sciences,1,1078,3,Male,58,2,4,Research Scientist,1,Divorced,14337,25179,2,Y,Yes,18,3,4,80,2,14,1,2,5,5,0,1
49,No,Travel_Rarely,294,Research & Development,16,5,Life Sciences,1,1079,2,Female,47,3,1,Laboratory Technician,3,Single,1514,7870,3,Y,No,14,3,4,80,2,28,2,2,0,0,0,0
43,No,Travel_Rarely,402,Research & Development,3,4,Other,1,1080,3,Male,35,2,2,Research Scientist,1,Divorced,3937,2589,0,Y,No,18,3,3,80,2,22,0,4,8,7,1,1
32,No,Non-Travel,1171,Research & Development,1,2,Life Sciences,1,1081,3,Female,82,3,1,Laboratory Technician,4,Married,1476,22678,3,Y,No,23,3,3,80,2,13,4,4,3,0,2,3
32,No,Travel_Rarely,1244,Research & Development,2,3,Medical,1,1082,4,Female,61,3,2,Research Director,2,Married,4675,6313,1,Y,No,16,3,3,80,0,13,2,4,3,3,3,1
33,No,Travel_Rarely,931,Research & Development,1,1,Marketing,1,1083,2,Male,71,2,1,Manufacturing Director,1,Married,3257,18211,0,Y,No,13,3,4,80,0,11,3,2,11,3,1,9
54,No,Travel_Rarely,661,Sales,3,5,Life Sciences,1,1084,1,Male,76,2,2,Sales Representative,3,Married,4368,23129,4,Y,Yes,23,4,2,80,0,32,1,3,1,1,1,0
39,No,Travel_Rarely,140,Sales,7,2,Technical Degree,1,1085,3,Female,60,2,2,Sales Executive,4,Divorced,4361,9377,0,Y,No,18,3,3,80,2,21,3,4,7,0,3,5
39,No,Travel_Rarely,633,Research & Development,5,4,Medical,1,1086,4,Female,91,3,5,Manufacturing Director,4,Divorced,20704,10861,6,Y,No,23,3,3,80,2,18,0,4,4,2,4,0
45,No,Travel_Rarely,470,Research & Development,9,2,Life Sciences,1,1087,4,Male,85,3,5,Research Scientist,3,Divorced,21541,19821,3,Y,No,17,3,1,80,1,25,1,2,6,0,1,6
38,Yes,Travel_Rarely,1305,Sales,3,4,Life Sciences,1,1088,4,Female,40,3,1,Sales Representative,1,Single,2444,14952,7,Y,Yes,20,3,2,80,0,18,2,4,2,1,2,0
33,Yes,Travel_Rarely,616,Research & Development,1,4,Life Sciences,1,1089,1,Male,55,2,3,Research Scientist,1,Married,9369,11047,3,Y,No,15,3,3,80,0,12,1,1,1,1,1,1
34,No,Travel_Rarely,756,Research & Development,1,4,Human Resources,1,1090,4,Male,56,4,1,Laboratory Technician,4,Single,1826,6033,1,Y,Yes,21,3,4,80,3,16,3,3,3,3,0,0
35,No,Travel_Frequently,689,Research & Development,12,4,Marketing,1,1091,1,Female,86,4,1,Laboratory Technician,4,Married,3361,20277,2,Y,No,14,3,4,80,0,13,2,4,2,1,0,2
35,No,Travel_Rarely,330,Research & Development,1,5,Life Sciences,1,1092,3,Female,56,3,1,Healthcare Representative,3,Married,3842,25903,4,Y,No,11,3,3,80,2,13,0,4,1,1,0,0
42,No,Non-Travel,908,Sales,12,1,Life Sciences,1,1093,2,Male,88,2,5,Sales Executive,3,Married,19215,20226,3,Y,No,20,3,4,80,0,20,2,3,9,0,0,3
36,No,Travel_Frequently,1471,Research & Development,1,3,Marketing,1,1094,4,Female,91,4,4,Laboratory Technician,4,Married,5747,24628,5,Y,No,13,3,1,80,0,16,0,4,3,2,0,3
42,No,Non-Travel,578,Sales,9,2,Medical,1,1095,1,Male,49,4,1,Sales Executive,3,Divorced,2151,18710,3,Y,No,12,3,4,80,2,22,2,3,9,2,3,7
35,Yes,Travel_Rarely,1332,Research & Development,7,5,Medical,1,1096,4,Male,32,2,1,Manufacturing Director,3,Single,2883,20784,3,Y,No,18,3,3,80,0,17,4,1,3,2,1,2
36,Yes,Travel_Rarely,774,Sales,1,3,Life Sciences,1,1097,1,Male,45,3,1,Manager,2,Married,2236,26490,2,Y,No,24,3,4,80,2,16,5,3,4,4,0,1
18,No,Non-Travel,377,Research & Development,8,4,Life Sciences,1,1098,4,Female,73,3,2,Laboratory Technician,1,Married,6590,6278,2,Y,No,18,3,4,80,2,0,2,3,0,0,0,0
44,No,Travel_Rarely,152,Research & Development,4,4,Marketing,1,1099,2,Male,59,1,2,Laboratory Technician,3,Single,5735,22934,4,Y,No,22,3,1,80,1,24,1,3,15,4,1,3
39,No,Travel_Rarely,1133,Research & Development,9,2,Other,1,1100,4,Male,69,4,1,Research Director,4,Single,2058,9500,3,Y,No,15,3,4,80,2,17,1,2,1,1,0,0
44,No,Travel_Rarely,847,Research & Development,14,2,Life Sciences,1,1101,3,Male,94,1,3,Laboratory Technician,4,Divorced,8064,6015,1,Y,No,24,3,1,80,1,26,5,4,10,3,0,5
18,No,Travel_Rarely,563,Research & Development,1,2,Medical,1,1102,2,Female,58,4,1,Laboratory Technician,4,Divorced,1941,23836,4,Y,No,15,3,4,80,0,0,2,2,0,0,0,0
54,No,Travel_Rarely,853,Research & Development,8,3,Medical,1,1103,2,Female,59,2,4,Laboratory Technician,4,Divorced,11452,22690,1,Y,No,21,4,1,80,2,33,2,3,0,0,0,0
34,Yes,Non-Travel,682,Research & Development,1,2,Medical,1,1104,3,Female,61,3,3,Manufacturing Director,2,Divorced,6890,10242,1,Y,No,14,3,4,80,1,16,4,4,4,4,1,2
45,No,Travel_Frequently,257,Research & Development,3,1,Life Sciences,1,1105,2,Male,39,2,2,Research Scientist,1,Single,6468,9826,3,Y,No,11,3,2,80,0,26,2,4,18,6,1,1
26,No,Non-Travel,118,Research & Development,1,5,Technical Degree,1,1106,1,Female,80,3,3,Healthcare Representative,1,Married,12232,11201,0,Y,No,11,3,3,80,3,5,2,2,5,1,0,3
41,No,Travel_Rarely,154,Sales,3,5,Medical,1,1107,3,Male,37,2,3,Sales Executive,4,Married,5137,25167,3,Y,No,23,4,4,80,1,19,6,4,0,0,0,0
26,No,Travel_Rarely,820,Sales,1,3,Medical,1,1108,4,Female,80,3,1,Sales Executive,3,Married,1297,21941,2,Y,No,16,3,4,80,2,5,2,2,5,4,1,0
30,No,Travel_Frequently,1144,Sales,6,3,Life Sciences,1,1109,2,Female,65,2,2,Sales Representative,4,Married,4693,17105,2,Y,Yes,14,3,4,80,2,9,6,2,8,1,2,8
53,No,Travel_Rarely,1405,Sales,5,1,Life Sciences,1,1110,3,Male,84,2,4,Sales Executive,3,Married,7444,2153,2,Y,No,14,3,4,80,1,31,3,2,2,1,0,1
34,No,Travel_Rarely,860,Research & Development,12,4,Life Sciences,1,1111,3,Female,64,2,1,Research Scientist,2,Married,2528,10773,4,Y,No,13,3,3,80,1,14,4,3,5,5,3,3
37,No,Travel_Frequently,1118,Research & Development,8,4,Marketing,1,1112,4,Male,65,4,1,Manufacturing Director,2,Married,2968,19171,4,Y,Yes,24,4,4,80,1,18,1,4,3,3,0,2
43,No,Travel_Rarely,907,Research & Development,10,2,Life Sciences,1,1113,4,Male,85,3,2,Research Director,4,Single,6867,6886,2,Y,No,19,3,4,80,1,21,1,2,1,1,1,1
40,Yes,Travel_Rarely,822,Sales,1,2,Marketing,1,1114,3,Male,65,2,3,Sales Representative,1,Married,8402,21765,2,Y,Yes,13,3,3,80,2,18,2,4,7,3,1,0
37,No,Travel_Frequently,384,Human Resources,1,4,Medical,1,1115,4,Male,90,3,3,Manager,4,Married,7613,25950,7,Y,No,18,3,4,80,2,19,2,2,1,1,1,1
39,No,Non-Travel,610,Research & Development,27,4,Medical,1,1116,3,Male,91,3,4,Healthcare Representative,2,Married,6064,24661,2,Y,No,12,3,4,80,0,20,2,3,2,2,1,1
57,No,Travel_Rarely,1121,Research & Development,4,1,Medical,1,1117,1,Female,54,4,2,Research Scientist,1,Single,5032,4267,3,Y,No,14,3,4,80,1,37,2,3,1,1,0,1
35,Yes,Travel_Frequently,219,Research & Development,4,4,Life Sciences,1,1118,2,Male,93,1,1,Laboratory Technician,1,Married,2544,22642,2,Y,Yes,11,3,1,80,3,13,0,4,6,2,1,6
37,No,Non-Travel,196,Research & Development,1,3,Life Sciences,1,1119,4,Female,89,3,2,Healthcare Representative,4,Single,5798,2970,2,Y,No,21,3,4,80,1,17,3,3,3,3,0,0
45,No,Travel_Rarely,219,Research & Development,1,3,Life Sciences,1,1120,4,Male,86,3,3,Laboratory Technician,1,Married,6583,10839,2,Y,No,15,3,4,80,2,23,3,2,2,2,0,2
45,No,Non-Travel,1276,Research & Development,22,4,Marketing,1,1121,4,Male,99,1,1,Manufacturing Director,2,Married,2228,15813,1,Y,No,12,3,2,80,2,23,2,3,4,4,0,1
46,No,Travel_Frequently,1368,Sales,9,4,Marketing,1,1122,3,Female,81,2,1,Sales Representative,2,Married,1576,19329,5,Y,No,21,3,4,80,0,28,3,3,0,0,0,0
41,No,Travel_Rarely,492,Research & Development,4,3,Life Sciences,1,1123,3,Male,85,4,1,Laboratory Technician,1,Single,1067,16450,2,Y,No,23,3,3,80,0,20,2,1,11,7,0,0
25,No,Travel_Rarely,1266,Sales,18,5,Medical,1,1124,1,Male,92,3,2,Manager,3,Married,3614,7618,2,Y,No,11,3,3,80,2,6,3,1,3,3,0,1
50,Yes,Travel_Rarely,893,Sales,7,3,Life Sciences,1,1125,1,Female,97,1,4,Sales Executive,4,Married,7289,26575,3,Y,No,11,3,1,80,1,32,5,2,2,1,1,1
25,Yes,Travel_Rarely,319,Sales,10,4,Life Sciences,1,1126,3,Male,49,3,3,Sales Executive,4,Divorced,8673,3495,3,Y,Yes,12,3,1,80,1,5,2,4,0,0,0,0
38,No,Travel_Rarely,938,Research & Development,4,3,Life Sciences,1,1127,4,Male,83,2,5,Manager,1,Married,14797,4047,3,Y,No,15,3,3,80,2,16,1,3,0,0,0,0
29,No,Travel_Rarely,259,Research & Development,4,5,Human Resources,1,1128,2,Male,30,4,1,Laboratory Technician,4,Married,2163,11364,2,Y,No,22,3,3,80,2,7,0,2,7,1,4,0
35,No,Travel_Rarely,1199,Research & Development,1,5,Life Sciences,1,1129,3,Female,39,4,4,Research Scientist,3,Married,9046,15091,1,Y,Yes,19,3,2,80,0,16,1,2,3,3,1,1
38,Yes,Travel_Rarely,710,Research & Development,10,1,Life Sciences,1,1130,3,Female,52,3,3,Laboratory Technician,2,Single,1534,4886,2,Y,Yes,16,3,3,80,0,20,0,2,6,2,1,0
38,Yes,Non-Travel,738,Research & Development,1,5,Life Sciences,1,1131,4,Female,80,3,1,Healthcare Representative,3,Single,3442,23572,1,Y,No,22,3,2,80,0,20,3,3,0,0,0,0
39,Yes,Travel_Frequently,1155,Human Resources,11,4,Life Sciences,1,1132,2,Female,53,3,5,Human Resources,2,Married,12748,17161,3,Y,Yes,14,3,4,80,1,19,2,2,5,4,0,0
50,No,Travel_Rarely,876,Sales,1,4,Medical,1,1133,3,Male,42,4,1,Sales Representative,4,Married,2242,6158,3,Y,No,13,3,4,80,0,32,1,1,12,0,0,8
40,No,Travel_Rarely,433,Sales,2,2,Life Sciences,1,1134,2,Male,58,2,4,Sales Representative,3,Married,7635,21845,2,Y,No,18,3,3,80,1,22,2,2,1,1,0,0
33,Yes,Travel_Rarely,991,Sales,19,4,Life Sciences,1,1135,2,Female,87,3,4,Sales Executive,1,Single,14915,8733,1,Y,No,13,3,4,80,0,12,6,4,4,1,0,1
44,No,Travel_Rarely,1039,Research & Development,5,4,Marketing,1,1136,2,Male,72,4,3,Healthcare Representative,3,Single,8286,3657,2,Y,No,11,3,4,80,1,25,3,3,14,8,2,0
46,No,Travel_Frequently,451,Research & Development,1,2,Life Sciences,1,1137,2,Male,39,4,2,Research Director,3,Married,3967,7043,0,Y,No,14,3,4,80,0,28,2,3,6,1,1,1
24,No,Travel_Rarely,1462,Research & Development,18,5,Marketing,1,1138,3,Male,60,3,1,Research Scientist,3,Single,2254,8360,2,Y,No,21,3,2,80,1,4,0,1,0,0,0,0
41,No,Travel_Rarely,1025,Research & Development,4,1,Medical,1,1139,3,Male,43,4,2,Research Scientist,2,Married,7097,18862,2,Y,No,23,3,1,80,1,19,5,4,2,1,2,1
42,No,Travel_Rarely,495,Sales,1,2,Life Sciences,1,1140,4,Female,63,2,2,Manager,3,Single,4908,11329,2,Y,No,15,3,4,80,0,24,2,2,0,0,0,0
33,No,Travel_Rarely,1325,Research & Development,3,3,Marketing,1,1141,4,Male,46,3,3,Healthcare Representative,3,Married,7636,22337,2,Y,No,15,3,2,80,3,15,0,2,9,0,1,0
48,No,Travel_Rarely,629,Research & Development,7,3,Life Sciences,1,1142,2,Male,50,4,3,Research Director,4,Divorced,6117,26812,0,Y,Yes,15,3,2,80,0,26,1,4,4,1,4,0
34,No,Travel_Frequently,1216,Research & Development,3,4,Medical,1,1143,4,Male,96,3,4,Research Director,4,Single,6316,6043,1,Y,No,18,3,1,80,1,13,4,3,13,0,0,8
37,Yes,Travel_Rarely,457,Research & Development,20,1,Medical,1,1144,4,Female,87,4,1,Laboratory Technician,1,Married,2399,16242,1,Y,No,18,3,3,80,3,18,3,4,0,0,0,0
34,Yes,Travel_Rarely,927,Research & Development,2,5,Life Sciences,1,1145,3,Male,37,4,3,Manufacturing Director,3,Single,8650,2597,3,Y,Yes,22,3,3,80,1,13,2,4,2,2,0,1
36,No,Travel_Rarely,159,Sales,1,1,Medical,1,1146,1,Male,67,4,4,Sales Executive,4,Married,15298,26740,1,Y,No,23,3,3,80,2,16,0,4,0,0,0,0
26,Yes,Travel_Rarely,576,Research & Development,1,2,Human Resources,1,1147,2,Female,55,4,3,Research Scientist,1,Married,3503,4324,2,Y,Yes,14,3,2,80,0,8,0,3,2,2,2,2
23,No,Travel_Rarely,711,Research & Development,1,1,Other,1,1148,4,Female,93,1,1,Manufacturing Director,4,Married,1796,9299,3,Y,No,19,3,1,80,1,2,0,1,0,0,0,0
50,No,Travel_Frequently,100,Research & Development,4,3,Medical,1,1149,3,Male,59,1,1,Laboratory Technician,2,Married,2137,13231,2,Y,Yes,11,3,2,80,1,31,2,3,1,0,0,1
28,No,Travel_Rarely,410,Research & Development,16,5,Medical,1,1150,1,Male,38,3,1,Manufacturing Director,4,Divorced,2497,2569,5,Y,No,15,3,3,80,0,8,2,3,8,0,0,2
27,No,Travel_Rarely,267,Research & Development,2,4,Life Sciences,1,1151,2,Male,61,4,2,Laboratory Technician,3,Single,4818,5328,2,Y,No,15,3,3,80,1,6,2,1,0,0,0,0
18,Yes,Non-Travel,291,Human Resources,2,4,Life Sciences,1,1152,2,Male,40,3,2,Human Resources,3,Single,4847,18524,1,Y,No,15,3,2,80,0,0,6,3,0,0,0,0
30,No,Non-Travel,1157,Research & Development,14,1,Medical,1,1153,4,Male,63,4,5,Research Scientist,4,Divorced,18734,5280,4,Y,No,18,3,2,80,1,11,4,3,11,0,0,2
24,No,Travel_Rarely,1157,Research & Development,2,3,Life Sciences,1,1154,4,Male,47,4,2,Research Scientist,4,Married,3870,21147,3,Y,No,19,3,4,80,3,6,3,2,6,1,0,3
50,No,Non-Travel,807,Research & Development,5,3,Other,1,1155,2,Male,48,3,2,Research Scientist,4,Divorced,6167,5590,2,Y,No,13,3,4,80,0,32,1,1,1,1,1,0
45,Yes,Travel_Frequently,1281,Sales,1,3,Life Sciences,1,1156,1,Male,83,3,2,Sales Executive,4,Married,5541,20422,2,Y,Yes,19,3,2,80,0,25,4,4,13,4,0,3
29,No,Travel_Rarely,465,Research & Development,2,1,Medical,1,1157,2,Female,66,3,3,Manager,2,Divorced,7360,19458,1,Y,No,23,3,3,80,1,10,3,4,1,1,1,1
56,No,Travel_Rarely,1463,Research & Development,1,4,Medical,1,1158,1,Female,41,2,4,Research Scientist,4,Married,16802,24006,5,Y,No,21,3,3,80,1,34,4,2,2,2,0,1
44,No,Travel_Rarely,957,Research & Development,1,3,Technical Degree,1,1159,2,Female,33,4,3,Research Scientist,3,Married,11112,15570,5,Y,No,18,4,1,80,2,26,3,1,10,2,0,3
33,No,Travel_Frequently,1458,Sales,4,4,Marketing,1,1160,4,Male,72,2,2,Sales Representative,2,Divorced,6166,4225,0,Y,No,13,4,4,80,1,14,2,4,7,1,0,2
18,Yes,Travel_Rarely,426,Research & Development,2,3,Medical,1,1161,2,Male,56,4,3,Manufacturing Director,4,Married,1962,16878,1,Y,Yes,12,3,1,80,0,0,2,2,0,0,0,0
56,No,Travel_Rarely,213,Research & Development,1,2,Life Sciences,1,1162,3,Female,80,3,4,Research Scientist,4,Single,16736,25907,0,Y,Yes,14,3,2,80,2,35,4,3,8,1,1,8
23,No,Travel_Rarely,896,Research & Development,5,4,Technical Degree,1,1163,1,Male,34,1,2,Healthcare Representative,3,Single,5993,11533,1,Y,No,23,3,2,80,2,2,1,3,1,1,0,1
21,No,Travel_Frequently,1018,Research & Development,12,2,Life Sciences,1,1164,2,Male,35,2,1,Healthcare Representative,3,Single,3754,11881,4,Y,No,22,4,4,80,1,2,3,2,2,2,1,2
45,Yes,Travel_Rarely,1266,Sales,10,5,Human Resources,1,1165,1,Male,85,4,1,Sales Executive,4,Single,3273,18747,3,Y,No,12,3,4,80,1,25,2,3,2,1,2,2
57,No,Travel_Rarely,708,Sales,2,4,Medical,1,1166,3,Female,97,2,1,Sales Executive,2,Single,3486,15366,6,Y,No,14,3,3,80,0,35,4,4,3,1,0,1
48,No,Travel_Rarely,408,Research & Development,2,2,Medical,1,1167,2,Female,73,4,3,Research Director,1,Married,9757,17515,4,Y,No,15,3,3,80,0,27,4,3,0,0,0,0
41,Yes,Travel_Rarely,500,Sales,10,5,Medical,1,1168,4,Male,44,2,1,Sales Representative,3,Married,3342,12832,0,Y,Yes,12,3,2,80,0,21,1,4,1,1,0,1
41,No,Travel_Rarely,1443,Sales,6,3,Marketing,1,1169,2,Male,71,3,1,Sales Representative,4,Married,3746,4030,2,Y,Yes,22,4,4,80,1,19,5,2,9,0,0,3
43,No,Travel_Frequently,311,Sales,10,1,Life Sciences,1,1170,3,Female,40,2,1,Sales Executive,3,Married,2635,8685,4,Y,Yes,18,4,1,80,3,22,3,4,11,0,1,1
42,No,Travel_Frequently,416,Research & Development,1,4,Human Resources,1,1171,4,Male,40,3,2,Laboratory Technician,4,Single,3034,24849,2,Y,No,11,3,1,80,1,20,2,2,4,4,0,0
38,No,Travel_Rarely,284,Research & Development,1,2,Medical,1,1172,3,Female,95,2,2,Laboratory Technician,1,Single,4615,25175,1,Y,No,13,3,4,80,0,20,1,2,3,0,3,0
36,No,Travel_Rarely,1328,Research & Development,12,4,Life Sciences,1,1173,3,Female,56,3,3,Research Scientist,3,Single,8779,8157,4,Y,No,17,3,4,80,0,17,5,2,6,2,0,3
35,Yes,Non-Travel,1487,Sales,15,4,Life Sciences,1,1174,1,Female,87,3,1,Sales Executive,1,Married,2546,15668,0,Y,Yes,20,3,3,80,0,14,1,4,4,4,2,1
29,No,Travel_Frequently,1339,Research & Development,3,5,Medical,1,1175,4,Male,50,3,1,Manufacturing Director,3,Single,1720,19001,5,Y,No,11,3,3,80,1,8,3,4,8,7,0,0
33,No,Non-Travel,345,Research & Development,25,3,Medical,1,1176,3,Male,50,1,2,Laboratory Technician,3,Single,2961,23821,3,Y,No,23,3,4,80,1,15,6,3,1,0,1,1
20,No,Non-Travel,338,Research & Development,2,3,Medical,1,1177,1,Male,30,2,2,Healthcare Representative,4,Married,4073,20366,2,Y,No,21,3,4,80,0,0,4,3,0,0,0,0
35,No,Travel_Rarely,619,Research & Development,17,4,Marketing,1,1178,2,Female,87,4,1,Healthcare Representative,1,Divorced,3004,24094,1,Y,No,12,3,4,80,1,14,4,4,12,0,6,0
27,No,Travel_Rarely,376,Research & Development,4,2,Medical,1,1179,3,Female,42,2,1,Laboratory Technician,1,Single,3487,2193,2,Y,No,13,3,2,80,0,6,1,4,6,2,0,1
26,Yes,Travel_Rarely,1105,Sales,6,3,Other,1,1180,1,Male,35,3,4,Sales Representative,1,Married,14749,10164,2,Y,No,24,3,4,80,0,5,3,3,3,3,3,3
37,No,Travel_Rarely,301,Research & Development,8,3,Medical,1,1181,4,Male,87,4,3,Research Scientist,1,Married,10114,22842,2,Y,Yes,24,3,1,80,0,16,3,3,0,0,0,0
48,Yes,Travel_Frequently,313,Sales,1,1,Technical Degree,1,1182,2,Female,46,3,1,Sales Representative,2,Divorced,2449,3119,3,Y,No,12,3,3,80,0,28,2,1,8,2,1,5
44,Yes,Travel_Rarely,705,Research & Development,1,3,Life Sciences,1,1183,3,Female,41,2,1,Research Scientist,4,Divorced,1411,15351,1,Y,Yes,12,3,2,80,0,23,0,2,4,2,0,1
21,No,Travel_Rarely,577,Research & Development,4,4,Medical,1,1184,2,Female,81,3,5,Research Scientist,2,Single,15065,25295,3,Y,Yes,22,3,1,80,0,3,2,2,3,1,3,1
27,No,Non-Travel,607,Research & Development,1,4,Life Sciences,1,1185,3,Male,99,4,3,Manufacturing Director,4,Single,7482,8540,0,Y,No,21,3,3,80,2,6,4,2,3,0,0,0
44,No,Travel_Rarely,1198,Research & Development,6,1,Medical,1,1186,1,Male,81,3,2,Laboratory Technician,2,Divorced,4378,14394,5,Y,No,16,4,1,80,2,22,2,2,1,1,1,1
27,Yes,Travel_Rarely,768,Research & Development,4,1,Technical Degree,1,1187,3,Female,66,3,3,Research Director,4,Married,8109,18910,1,Y,Yes,17,4,1,80,1,5,4,3,0,0,0,0
33,No,Travel_Rarely,764,Sales,1,2,Life Sciences,1,1188,4,Female,32,2,3,Sales Executive,1,Married,8882,25538,2,Y,No,16,4,1,80,2,15,2,4,4,4,4,2
40,No,Travel_Rarely,241,Research & Development,8,5,Life Sciences,1,1189,4,Male,37,2,3,Research Scientist,4,Married,9706,23263,2,Y,No,21,3,4,80,0,20,1,4,0,0,0,0
27,No,Travel_Rarely,421,Sales,1,2,Technical Degree,1,1190,2,Male,39,4,2,Sales Executive,4,Married,4652,16860,1,Y,No,16,3,1,80,2,9,5,3,1,1,0,1
36,No,Travel_Rarely,560,Research & Development,1,4,Life Sciences,1,1191,3,Male,76,4,2,Laboratory Technician,3,Divorced,2620,7845,3,Y,No,19,3,2,80,0,16,2,1,2,2,1,1
23,Yes,Travel_Rarely,806,Research & Development,9,1,Marketing,1,1192,3,Male,70,1,1,Laboratory Technician,3,Divorced,2198,9971,2,Y,Yes,18,3,3,80,1,4,4,1,2,0,0,2
30,No,Travel_Rarely,769,Research & Development,6,4,Medical,1,1193,4,Male,93,1,4,Manufacturing Director,4,Married,12131,21057,5,Y,No,24,4,4,80,1,8,1,4,1,0,0,1
38,Yes,Travel_Frequently,1269,Research & Development,2,3,Technical Degree,1,1194,4,Female,71,2,2,Healthcare Representative,3,Single,6528,16153,3,Y,Yes,18,3,3,80,0,16,3,2,0,0,0,0
21,Yes,Travel_Rarely,153,Research & Development,1,4,Life Sciences,1,1195,1,Male,72,4,1,Healthcare Representative,2,Divorced,2145,26144,1,Y,No,16,3,4,80,3,0,1,3,0,0,0,0
39,Yes,Travel_Rarely,1479,Research & Development,8,2,Life Sciences,1,1196,1,Female,38,3,4,Manager,3,Single,13537,25581,3,Y,Yes,15,3,2,80,0,19,4,2,0,0,0,0
35,No,Travel_Rarely,376,Research & Development,1,4,Medical,1,1197,4,Male,43,4,4,Research Scientist,4,Single,12870,23485,2,Y,Yes,19,3,3,80,0,17,2,2,2,2,0,2
40,Yes,Travel_Rarely,499,Research & Development,29,2,Other,1,1198,1,Female,33,3,5,Manufacturing Director,4,Divorced,17186,5526,2,Y,No,22,4,4,80,0,20,3,2,1,1,1,1
38,No,Travel_Rarely,767,Research & Development,16,4,Medical,1,1199,4,Female,31,4,4,Laboratory Technician,3,Single,14791,22233,3,Y,Yes,12,3,3,80,0,16,1,3,10,1,0,0
48,No,Travel_Rarely,615,Sales,1,5,Life Sciences,1,1200,4,Male,30,1,5,Sales Representative,1,Single,14191,3634,3,Y,No,17,3,2,80,0,26,2,3,2,2,0,2
37,No,Travel_Rarely,1434,Research & Development,15,2,Medical,1,1201,4,Male,94,3,1,Laboratory Technician,4,Single,2140,13201,3,Y,No,16,3,3,80,0,15,2,3,0,0,0,0
32,No,Travel_Rarely,1394,Research & Development,3,5,Other,1,1202,1,Male,75,3,4,Manager,4,Divorced,11964,2093,4,Y,No,17,3,4,80,0,10,1,3,0,0,0,0
37,No,Travel_Frequently,675,Sales,5,3,Technical Degree,1,1203,3,Male,88,4,3,Sales Representative,3,Married,6719,21750,4,Y,No,22,3,4,80,2,18,2,2,6,0,6,0
40,No,Non-Travel,211,Research & Development,1,2,Other,1,1204,2,Female,36,2,1,Manager,2,Married,2817,9716,4,Y,No,14,4,2,80,0,18,4,1,6,0,0,0
36,No,Travel_Rarely,338,Research & Development,1,3,Life Sciences,1,1205,4,Female,95,3,1,Healthcare Representative,3,Single,2054,16331,3,Y,Yes,19,3,1,80,0,16,3,3,2,0,0,0
36,No,Travel_Rarely,1267,Research & Development,16,2,Life Sciences,1,1206,2,Male,44,4,5,Research Director,1,Married,17961,21330,2,Y,No,17,3,4,80,1,14,3,1,0,0,0,0
29,No,Travel_Rarely,1497,Research & Development,7,4,Medical,1,1207,2,Male,76,4,1,Healthcare Representative,4,Married,2437,18472,1,Y,No,12,3,2,80,3,8,2,2,2,1,2,0
30,No,Travel_Frequently,1143,Sales,4,4,Technical Degree,1,1208,1,Male,69,4,4,Sales Executive,4,Single,12644,16241,2,Y,Yes,23,3,3,80,0,11,1,4,4,3,0,1
23,No,Travel_Rarely,1412,Research & Development,1,1,Life Sciences,1,1209,2,Female,71,3,1,Research Scientist,1,Married,2212,20934,3,Y,No,14,3,2,80,0,1,4,3,1,1,1,1
51,No,Travel_Rarely,296,Sales,20,3,Life Sciences,1,1210,4,Male,80,4,1,Sales Executive,4,Single,2288,13006,2,Y,No,15,4,1,80,3,30,1,2,0,0,0,0
24,No,Travel_Rarely,481,Sales,3,4,Technical Degree,1,1211,4,Male,64,3,2,Sales Executive,4,Divorced,5120,24521,5,Y,No,12,3,4,80,0,4,2,4,4,0,0,4
29,No,Travel_Rarely,263,Research & Development,4,5,Life Sciences,1,1212,4,Female,70,4,1,Laboratory Technician,2,Married,2626,8357,1,Y,Yes,20,3,4,80,1,10,4,3,1,1,1,1
29,No,Travel_Frequently,705,Research & Development,2,3,Life Sciences,1,1213,4,Female,86,4,3,Laboratory Technician,3,Divorced,7991,3445,2,Y,No,18,3,3,80,0,7,5,4,4,0,0,2
44,No,Travel_Rarely,1372,Research & Development,17,5,Medical,1,1214,2,Male,67,2,2,Laboratory Technician,1,Single,7131,23005,4,Y,No,11,3,1,80,3,24,5,3,5,5,3,5
33,No,Travel_Frequently,1191,Research & Development,3,3,Medical,1,1215,3,Female,37,3,1,Manager,1,Married,1880,8335,4,Y,Yes,13,3,4,80,3,12,4,2,12,1,0,0
47,No,Travel_Frequently,954,Research & Development,1,3,Marketing,1,1216,3,Male,92,3,1,Research Director,3,Married,2459,20214,1,Y,No,24,4,2,80,2,28,2,2,2,2,2,1
29,No,Travel_Rarely,1144,Research & Development,5,4,Life Sciences,1,1217,3,Male,33,4,2,Research Scientist,1,Married,3032,25169,5,Y,No,11,3,3,80,0,7,3,4,3,1,3,3
38,No,Travel_Rarely,930,Research & Development,12,3,Medical,1,1218,2,Female,77,3,1,Laboratory Technician,4,Divorced,2732,25775,2,Y,No,15,3,2,80,1,18,4,2,1,0,1,1
28,No,Travel_Rarely,696,Research & Development,3,3,Medical,1,1219,4,Female,81,2,3,Laboratory Technician,4,Married,5769,18938,4,Y,Yes,18,3,3,80,0,9,1,2,1,1,1,1
55,No,Travel_Rarely,635,Human Resources,8,3,Medical,1,1220,3,Male,67,4,2,Human Resources,1,Single,4652,13956,1,Y,No,17,4,3,80,2,34,2,4,0,0,0,0
25,Yes,Non-Travel,210,Research & Development,2,4,Marketing,1,1221,4,Male,34,3,1,Healthcare Representative,1,Married,2267,20818,6,Y,Yes,19,3,4,80,3,3,3,4,1,1,0,1
38,No,Travel_Rarely,1048,Sales,10,4,Life Sciences,1,1222,4,Male,99,4,2,Sales Executive,2,Married,5351,8919,0,Y,Yes,12,3,4,80,1,19,0,4,0,0,0,0
41,No,Travel_Frequently,962,Sales,8,3,Life Sciences,1,1223,1,Male,53,3,1,Sales Representative,4,Married,2154,7593,6,Y,No,22,4,3,80,1,20,1,4,16,0,0,2
39,No,Travel_Rarely,694,Research & Development,9,3,Life Sciences,1,1224,1,Male,46,1,1,Healthcare Representative,4,Single,2127,18586,2,Y,No,18,3,2,80,0,18,3,3,4,2,2,0
34,No,Travel_Rarely,1121,Sales,8,3,Life Sciences,1,1225,4,Male,55,4,1,Sales Representative,3,Married,3397,9153,0,Y,No,18,3,1,80,1,14,3,3,0,0,0,0
34,No,Travel_Frequently,559,Research & Development,1,3,Medical,1,1226,3,Male,32,3,4,Research Scientist,4,Single,12853,6542,4,Y,No,24,3,2,80,1,13,2,3,0,0,0,0
36,No,Travel_Rarely,1201,Research & Development,17,2,Technical Degree,1,1227,4,Female,31,3,4,Manufacturing Director,1,Married,10316,18192,4,Y,No,16,3,4,80,0,15,3,3,2,2,2,2
34,No,Travel_Rarely,533,Research & Development,7,4,Marketing,1,1228,2,Female,31,4,3,Laboratory Technician,2,Married,7498,15403,5,Y,No,13,3,2,80,0,16,6,3,1,0,1,0
44,No,Travel_Rarely,987,Research & Development,3,3,Technical Degree,1,1229,4,Female,51,3,2,Research Scientist,2,Married,7056,15065,4,Y,No,12,3,1,80,0,23,2,3,1,0,1,1
55,No,Non-Travel,882,Research & Development,1,3,Life Sciences,1,1230,4,Male,33,3,1,Research Scientist,3,Single,2353,26394,3,Y,No,24,3,3,80,2,33,3,2,3,3,3,2
30,No,Travel_Rarely,1462,Research & Development,12,1,Medical,1,1231,2,Female,67,2,2,Laboratory Technician,3,Married,4138,11878,1,Y,No,18,4,1,80,2,11,0,3,11,5,1,1
23,No,Travel_Rarely,1087,Research & Development,5,2,Medical,1,1232,2,Female,99,4,3,Laboratory Technician,2,Single,6630,2828,3,Y,No,16,3,4,80,3,1,4,4,1,1,0,1
35,No,Travel_Rarely,268,Research & Development,1,5,Life Sciences,1,1233,2,Female,81,1,5,Research Scientist,3,Single,14666,9170,1,Y,No,14,3,3,80,2,13,5,4,3,2,1,1
59,Yes,Travel_Rarely,808,Research & Development,20,3,Life Sciences,1,1234,1,Female,60,2,1,Manufacturing Director,4,Married,2128,20406,3,Y,No,15,3,2,80,1,39,4,3,8,5,1,2
28,No,Travel_Rarely,1064,Research & Development,1,2,Medical,1,1235,3,Female,55,4,1,Healthcare Representative,2,Divorced,1700,26678,2,Y,No,15,3,3,80,0,10,6,2,0,0,0,0
50,No,Travel_Rarely,1385,Research & Development,5,3,Other,1,1236,2,Male,65,3,3,Research Scientist,1,Married,5751,11749,2,Y,No,23,3,4,80,3,32,3,4,1,1,1,1
51,Yes,Travel_Rarely,826,Research & Development,7,3,Life Sciences,1,1237,4,Male,55,2,4,Research Scientist,1,Married,9512,22595,0,Y,Yes,19,3,4,80,1,29,2,3,3,3,3,1
31,No,Travel_Frequently,328,Research & Development,29,1,Life Sciences,1,1238,4,Female,57,2,4,Healthcare Representative,1,Divorced,13774,23338,4,Y,No,23,3,4,80,1,12,1,3,6,0,1,2
41,No,Travel_Rarely,1284,Research & Development,1,3,Technical Degree,1,1239,4,Female,34,4,3,Research Scientist,3,Divorced,7237,22471,4,Y,Yes,23,3,1,80,1,23,4,4,3,3,0,3
50,No,Travel_Rarely,526,Sales,7,3,Life Sciences,1,1240,1,Female,47,3,5,Manager,1,Single,16119,26679,2,Y,No,19,4,1,80,2,32,3,3,0,0,0,0
32,No,Travel_Rarely,221,Research & Development,5,3,Technical Degree,1,1241,1,Male,44,3,2,Manufacturing Director,4,Divorced,6587,15216,3,Y,No,18,3,3,80,0,10,4,4,10,0,0,2
34,Yes,Travel_Rarely,248,Sales,2,3,Marketing,1,1242,4,Male,86,4,4,Sales Executive,1,Married,15885,13049,1,Y,No,18,4,3,80,0,16,3,2,1,1,0,1
30,No,Travel_Rarely,951,Research & Development,22,3,Other,1,1243,4,Male,34,3,5,Research Scientist,3,Married,15800,8785,2,Y,Yes,22,3,2,80,1,10,5,4,7,1,4,1
26,Yes,Travel_Frequently,804,Sales,12,5,Medical,1,1244,2,Female,66,2,4,Sales Executive,4,Single,10107,10998,4,Y,Yes,12,3,4,80,2,4,1,3,4,4,1,1
30,No,Travel_Rarely,210,Research & Development,12,3,Marketing,1,1245,2,Male,51,2,1,Research Scientist,1,Married,1959,25550,3,Y,No,24,3,4,80,1,12,6,3,2,2,1,2
24,Yes,Travel_Rarely,1344,Research & Development,18,2,Medical,1,1246,2,Male,81,4,1,Research Scientist,2,Single,2932,6655,2,Y,No,13,3,3,80,1,6,1,3,6,6,0,4
36,No,Travel_Rarely,163,Research & Development,10,2,Medical,1,1247,4,Male,44,3,2,Manufacturing Director,2,Single,4744,20458,0,Y,No,24,3,2,80,0,18,5,3,6,3,1,1
29,No,Travel_Frequently,737,Research & Development,5,3,Medical,1,1248,4,Male,46,1,2,Research Scientist,2,Single,4516,8918,3,Y,No,18,3,2,80,2,7,1,3,7,1,4,1
38,No,Non-Travel,1477,Research & Development,3,4,Life Sciences,1,1249,1,Female,80,3,4,Laboratory Technician,3,Divorced,9559,5436,5,Y,No,23,3,3,80,2,19,4,3,1,0,1,1
21,No,Non-Travel,1008,Research & Development,9,2,Medical,1,1250,3,Female,74,2,1,Laboratory Technician,2,Divorced,2018,23432,0,Y,No,15,3,4,80,1,0,1,3,0,0,0,0
38,Yes,Travel_Rarely,112,Human Resources,7,4,Medical,1,1251,1,Female,92,4,1,Human Resources,1,Single,2700,26873,4,Y,Yes,17,3,4,80,0,20,1,4,0,0,0,0
43,No,Travel_Rarely,1033,Research & Development,6,1,Technical Degree,1,1252,4,Male,57,2,3,Research Scientist,4,Divorced,5369,6872,2,Y,No,24,3,3,80,3,22,4,2,7,3,0,1
18,No,Travel_Rarely,1276,Research & Development,7,3,Marketing,1,1253,4,Female,88,3,1,Research Scientist,4,Divorced,3121,2360,2,Y,No,18,3,3,80,1,0,2,2,0,0,0,0
39,Yes,Travel_Rarely,338,Sales,8,4,Marketing,1,1254,4,Male,50,3,1,Sales Executive,1,Married,2166,13909,2,Y,No,16,4,3,80,2,21,1,4,0,0,0,0
47,No,Travel_Rarely,1313,Research & Development,27,3,Life Sciences,1,1255,3,Female,71,3,2,Manufacturing Director,3,Single,4812,6599,2,Y,No,15,3,1,80,0,29,2,3,0,0,0,0
25,Yes,Travel_Rarely,762,Sales,11,3,Marketing,1,1256,1,Male,98,3,2,Sales Executive,1,Married,3328,12168,2,Y,Yes,18,3,3,80,0,4,2,1,2,2,0,2
51,No,Travel_Rarely,1209,Research & Development,1,2,Medical,1,1257,4,Male,46,1,1,Healthcare Representative,1,Divorced,2492,8731,3,Y,No,11,3,4,80,2,32,1,3,2,2,1,1
39,No,Travel_Rarely,1144,Sales,5,4,Human Resources,1,1258,4,Female,97,4,4,Sales Executive,1,Married,11015,4077,2,Y,No,11,3,3,80,0,18,1,3,1,0,1,1
29,No,Travel_Rarely,793,Research & Development,9,1,Other,1,1259,3,Female,36,2,2,Laboratory Technician,4,Married,4937,15750,4,Y,No,11,3,1,80,1,10,3,3,1,1,0,1
35,Yes,Travel_Rarely,1442,Sales,1,4,Life Sciences,1,1260,2,Male,69,4,4,Sales Executive,3,Married,16415,20557,0,Y,No,13,3,3,80,1,15,4,2,2,2,2,1
41,Yes,Travel_Frequently,1281,Sales,21,2,Technical Degree,1,1261,1,Female,69,2,2,Sales Representative,4,Married,5222,6691,0,Y,No,20,4,4,80,2,22,0,4,2,2,0,0
36,Yes,Travel_Rarely,1070,Research & Development,1,5,Life Sciences,1,1262,2,Male,72,2,1,Research Scientist,2,Married,2003,19773,1,Y,No,23,3,3,80,0,14,2,4,2,1,2,2
40,No,Travel_Rarely,1063,Research & Development,7,3,Life Sciences,1,1263,1,Male,80,3,1,Research Scientist,4,Single,2055,26346,1,Y,No,22,3,4,80,0,22,1,4,10,9,0,0
27,Yes,Travel_Rarely,175,Research & Development,29,4,Medical,1,1264,1,Male,52,3,1,Laboratory Technician,1,Single,2871,24355,0,Y,Yes,16,3,2,80,3,7,1,4,4,0,2,0
37,No,Travel_Rarely,428,Human Resources,10,3,Life Sciences,1,1265,2,Male,61,4,2,Human Resources,3,Divorced,6623,5514,2,Y,No,16,3,3,80,1,16,1,1,0,0,0,0
23,No,Travel_Rarely,1326,Research & Development,9,5,Technical Degree,1,1266,4,Male,60,4,1,Laboratory Technician,2,Divorced,2676,26838,3,Y,No,15,3,4,80,0,4,2,3,3,3,0,0
34,No,Travel_Rarely,1352,Research & Development,29,2,Life Sciences,1,1267,3,Male,46,4,2,Manufacturing Director,2,Single,5860,4919,2,Y,No,23,3,3,80,0,14,2,4,7,0,0,5
27,Yes,Travel_Frequently,251,Research & Development,12,2,Life Sciences,1,1268,2,Male,87,3,2,Laboratory Technician,4,Divorced,5762,18385,2,Y,Yes,23,4,4,80,3,5,3,1,0,0,0,0
29,Yes,Travel_Rarely,171,Research & Development,28,3,Medical,1,1269,1,Female,64,2,1,Manufacturing Director,1,Married,3386,20317,2,Y,Yes,24,3,1,80,0,10,4,4,2,2,2,1
47,No,Travel_Rarely,324,Research & Development,9,1,Marketing,1,1270,4,Male,59,3,1,Laboratory Technician,4,Married,1281,2393,2,Y,No,17,3,2,80,1,26,2,4,3,3,3,3
45,No,Travel_Rarely,572,Human Resources,8,2,Other,1,1271,3,Female,93,4,3,Human Resources,4,Married,9334,26881,1,Y,No,15,4,2,80,1,24,2,3,15,0,0,0
41,No,Travel_Rarely,459,Research & Development,11,5,Marketing,1,1272,4,Male,82,1,4,Manufacturing Director,2,Divorced,14951,15457,2,Y,No,24,4,4,80,2,22,3,3,3,2,0,2
26,No,Travel_Rarely,639,Sales,1,5,Marketing,1,1273,4,Female,80,4,1,Sales Executive,4,Divorced,1663,2529,2,Y,No,12,3,4,80,2,4,1,3,4,2,2,4
33,Yes,Travel_Frequently,910,Research & Development,13,3,Medical,1,1274,1,Male,66,3,1,Manufacturing Director,2,Single,1946,23007,3,Y,No,14,3,1,80,1,15,0,3,1,1,1,1
46,No,Travel_Rarely,708,Research & Development,28,5,Life Sciences,1,1275,4,Male,35,4,5,Research Director,3,Divorced,13384,14211,5,Y,No,11,3,2,80,0,28,2,3,7,5,5,0
37,No,Travel_Frequently,1169,Research & Development,7,3,Life Sciences,1,1276,3,Male,63,3,1,Laboratory Technician,4,Single,2044,22452,1,Y,No,17,3,1,80,2,16,2,4,1,0,0,1
56,Yes,Travel_Rarely,100,Research & Development,1,2,Medical,1,1277,3,Male,85,4,5,Laboratory Technician,4,Married,14952,25891,3,Y,No,14,3,3,80,1,34,2,3,2,2,1,0
39,Yes,Travel_Rarely,777,Human Resources,1,4,Marketing,1,1278,4,Male,54,1,1,Human Resources,2,Married,2651,8495,4,Y,No,23,3,2,80,3,18,3,3,3,3,2,1
37,Yes,Travel_Frequently,1368,Sales,2,4,Medical,1,1279,4,Female,42,3,4,Sales Representative,4,Married,14597,8953,4,Y,Yes,14,3,2,80,1,19,2,4,13,3,0,2
33,No,Travel_Rarely,1342,Research & Development,5,5,Marketing,1,1280,4,Female,92,3,1,Research Scientist,2,Single,3175,23437,2,Y,No,23,3,3,80,1,12,3,3,0,0,0,0
37,No,Travel_Frequently,390,Research & Development,4,2,Medical,1,1281,4,Female,95,3,4,Research Director,4,Divorced,9486,21056,3,Y,No,14,3,4,80,0,18,6,4,1,1,0,0
34,Yes,Travel_Frequently,303,Research & Development,29,4,Life Sciences,1,1282,3,Female,34,4,1,Research Scientist,1,Single,1972,3713,1,Y,No,13,3,3,80,2,15,5,4,6,1,1,0
42,No,Travel_Frequently,1325,Sales,23,1,Life Sciences,1,1283,3,Male,40,1,3,Sales Representative,2,Single,10631,22428,3,Y,No,18,3,4,80,0,20,1,2,4,3,2,0
44,Yes,Non-Travel,665,Sales,3,2,Technical Degree,1,1284,4,Male,73,4,1,Sales Representative,1,Married,2904,2635,3,Y,Yes,14,3,3,80,0,26,2,3,1,1,0,0
28,Yes,Travel_Frequently,581,Sales,12,1,Marketing,1,1285,3,Male,98,3,1,Manager,3,Married,2551,23518,4,Y,No,18,3,2,80,0,6,5,3,1,1,0,0
24,No,Travel_Rarely,610,Research & Development,8,5,Human Resources,1,1286,1,Male,31,3,3,Research Scientist,4,Divorced,8946,17193,2,Y,No,19,3,3,80,0,2,2,4,2,2,2,2
19,Yes,Travel_Rarely,1023,Research & Development,2,4,Life Sciences,1,1287,3,Male,69,3,2,Laboratory Technician,2,Married,4962,25003,2,Y,Yes,11,3,3,80,0,1,4,4,1,1,1,1
40,No,Travel_Rarely,377,Research & Development,21,4,Other,1,1288,1,Male,66,3,4,Laboratory Technician,3,Single,13573,16633,4,Y,No,14,3,3,80,0,20,1,3,8,0,5,0
26,No,Travel_Rarely,1104,Research & Development,2,3,Life Sciences,1,1289,1,Male,78,3,2,Laboratory Technician,3,Divorced,4579,11309,3,Y,No,16,4,2,80,2,6,4,3,0,0,0,0
18,No,Travel_Rarely,115,Research & Development,16,3,Life Sciences,1,1290,2,Male,65,2,4,Research Scientist,2,Married,12806,17778,2,Y,Yes,18,3,2,80,0,0,1,4,0,0,0,0
39,Yes,Travel_Rarely,455,Research & Development,8,2,Other,1,1291,1,Female,99,3,2,Laboratory Technician,3,Single,3111,9445,3,Y,No,24,3,4,80,2,19,1,3,2,2,0,2
58,No,Non-Travel,455,Research & Development,7,2,Life Sciences,1,1292,1,Female,63,2,5,Laboratory Technician,1,Married,14076,14415,0,Y,No,16,3,2,80,0,39,2,2,1,1,0,1
35,Yes,Travel_Rarely,929,Sales,14,3,Marketing,1,1293,2,Male,87,3,5,Sales Executive,3,Married,14122,16281,6,Y,Yes,22,3,4,80,1,13,2,3,3,0,3,0
43,No,Travel_Rarely,698,Sales,5,4,Life Sciences,1,1294,3,Female,66,3,1,Sales Representative,3,Married,2266,8602,4,Y,No,16,3,2,80,1,22,1,1,5,5,2,4
36,Yes,Travel_Rarely,1201,Research & Development,15,3,Medical,1,1295,1,Female,89,4,4,Manufacturing Director,1,Married,9220,2037,4,Y,Yes,20,3,4,80,3,14,4,3,0,0,0,0
35,No,Travel_Rarely,1027,Research & Development,6,1,Human Resources,1,1296,2,Male,41,1,4,Healthcare Representative,3,Divorced,10399,11824,3,Y,No,14,3,4,80,2,17,2,3,6,0,5,3
44,No,Non-Travel,1190,Research & Development,29,1,Life Sciences,1,1297,4,Male,61,2,1,Research Director,4,Divorced,1553,5775,0,Y,No,19,3,4,80,1,24,2,4,7,3,1,7
33,No,Travel_Rarely,958,Sales,8,1,Marketing,1,1298,4,Male,33,4,2,Sales Executive,3,Married,5685,22469,3,Y,No,17,3,3,80,2,15,2,3,0,0,0,0
38,No,Travel_Rarely,313,Sales,3,3,Life Sciences,1,1299,2,Female,62,3,1,Manager,3,Single,2448,12555,1,Y,No,24,3,3,80,0,17,2,1,0,0,0,0
38,No,Travel_Rarely,548,Sales,11,5,Medical,1,1300,4,Female,72,4,4,Sales Representative,3,Divorced,6884,7120,3,Y,Yes,21,3,2,80,1,19,1,3,1,1,0,0
29,No,Travel_Rarely,1064,Sales,5,4,Life Sciences,1,1301,3,Male,38,1,1,Sales Executive,4,Married,1978,16678,1,Y,No,16,3,1,80,0,9,3,2,7,0,0,1
44,No,Travel_Rarely,1238,Research & Development,13,4,Life Sciences,1,1302,2,Male,80,4,1,Research Scientist,3,Married,2710,25128,3,Y,No,11,3,1,80,0,26,3,2,1,0,0,1
34,No,Travel_Frequently,886,Research & Development,14,3,Life Sciences,1,1303,4,Male,49,1,2,Laboratory Technician,2,Married,4321,19425,2,Y,No,12,3,3,80,0,14,3,3,7,3,3,2
29,No,Travel_Rarely,598,Research & Development,7,3,Life Sciences,1,1304,4,Male,68,3,2,Laboratory Technician,4,Divorced,4128,6715,2,Y,No,22,4,4,80,2,7,3,4,3,2,0,0
40,No,Travel_Rarely,809,Research & Development,16,1,Human Resources,1,1305,3,Male,52,4,4,Laboratory Technician,1,Married,11776,3394,4,Y,No,16,3,2,80,1,21,2,4,7,7,2,3
27,No,Travel_Rarely,479,Sales,4,5,Medical,1,1306,2,Female,70,1,5,Sales Representative,2,Single,18460,4869,4,Y,Yes,21,3,3,80,2,7,6,4,4,3,1,0
36,Yes,Non-Travel,1266,Research & Development,1,4,Life Sciences,1,1307,1,Female,73,3,2,Manufacturing Director,3,Married,3204,5676,5,Y,Yes,11,3,3,80,1,17,2,2,2,2,2,2
35,No,Travel_Frequently,839,Research & Development,8,2,Medical,1,1308,2,Female,64,3,1,Laboratory Technician,4,Divorced,2843,5721,2,Y,Yes,21,3,2,80,0,13,0,4,12,12,2,6
45,Yes,Travel_Frequently,731,Research & Development,11,3,Life Sciences,1,1309,2,Female,52,4,3,Research Scientist,1,Single,6399,7690,4,Y,No,15,4,1,80,2,23,6,1,6,1,6,1
40,No,Travel_Frequently,1147,Human Resources,1,3,Technical Degree,1,1310,2,Female,87,3,2,Manager,1,Divorced,4977,7818,1,Y,Yes,11,3,2,80,2,22,0,1,3,0,0,1
35,Yes,Travel_Rarely,638,Research & Development,11,4,Other,1,1311,3,Male,77,4,2,Laboratory Technician,2,Married,4955,2234,1,Y,No,23,3,4,80,3,14,0,4,5,0,0,1
43,No,Travel_Rarely,1044,Research & Development,8,5,Medical,1,1312,3,Female,87,4,1,Manager,2,Married,2170,5140,1,Y,No,13,3,4,80,1,25,0,3,4,1,1,4
48,No,Travel_Rarely,1198,Research & Development,1,3,Technical Degree,1,1313,3,Male,86,2,2,Research Scientist,4,Single,3720,10638,4,Y,No,22,3,2,80,2,29,4,3,2,2,0,2
41,Yes,Travel_Rarely,852,Research & Development,6,3,Medical,1,1314,2,Female,68,3,2,Manager,4,Single,4642,14897,2,Y,Yes,22,4,4,80,2,23,3,4,2,0,1,2
36,Yes,Travel_Frequently,634,Research & Development,1,1,Life Sciences,1,1315,1,Male,57,2,3,Research Scientist,1,Divorced,11250,26583,2,Y,No,22,4,4,80,0,16,3,2,1,1,0,1
24,Yes,Travel_Rarely,772,Sales,3,1,Marketing,1,1316,2,Female,93,3,2,Sales Executive,1,Single,3297,19383,0,Y,No,17,3,3,80,0,6,3,2,6,1,1,1
26,No,Travel_Rarely,1164,Research & Development,13,2,Medical,1,1317,4,Male,91,3,4,Research Scientist,4,Married,17076,19718,0,Y,No,15,3,1,80,0,5,2,4,4,0,4,1
33,No,Travel_Frequently,667,Sales,1,1,Marketing,1,1318,3,Male,91,2,2,Sales Representative,1,Married,4675,10325,3,Y,No,22,4,4,80,0,12,3,2,0,0,0,0
30,No,Travel_Frequently,514,Research & Development,4,4,Human Resources,1,1319,3,Male,55,3,1,Healthcare Representative,2,Single,2522,12624,2,Y,Yes,20,4,2,80,1,11,6,3,3,0,3,3
34,Yes,Travel_Frequently,548,Research & Development,7,4,Medical,1,1320,1,Male,80,3,4,Laboratory Technician,2,Single,8739,26631,1,Y,Yes,11,3,4,80,3,12,1,3,0,0,0,0
36,No,Travel_Rarely,709,Sales,22,2,Human Resources,1,1321,2,Female,79,1,2,Manager,2,Married,4035,23472,6,Y,No,11,4,3,80,1,15,2,2,1,0,0,0
40,No,Travel_Frequently,757,Research & Development,10,4,Technical Degree,1,1322,3,Female,65,4,1,Laboratory Technician,2,Divorced,2185,23863,5,Y,No,18,3,2,80,2,21,4,4,2,2,1,1
35,No,Travel_Rarely,535,Research & Development,1,2,Medical,1,1323,3,Male,55,4,2,Manufacturing Director,2,Married,3692,8090,4,Y,No,21,3,3,80,1,14,3,3,3,0,3,3
40,Yes,Travel_Rarely,804,Sales,27,3,Medical,1,1324,1,Male,62,1,2,Sales Representative,3,Married,4738,13377,4,Y,No,24,3,4,80,0,19,6,3,18,6,2,1
36,No,Travel_Rarely,338,Research & Development,5,2,Life Sciences,1,1325,1,Male,97,4,4,Research Scientist,3,Married,10778,19495,2,Y,Yes,23,3,3,80,0,14,5,2,14,2,2,14
18,No,Travel_Frequently,1165,Sales,3,3,Other,1,1326,2,Male,37,4,2,Sales Executive,3,Married,7313,16870,1,Y,No,19,3,4,80,1,0,5,3,0,0,0,0
27,No,Non-Travel,833,Research & Development,1,2,Marketing,1,1327,1,Male,95,1,3,Research Director,4,Married,5668,26719,1,Y,No,17,3,3,80,2,8,5,1,3,2,0,0
34,No,Travel_Rarely,899,Research & Development,21,3,Life Sciences,1,1328,4,Female,52,2,1,Research Director,4,Divorced,2564,21300,6,Y,No,23,3,4,80,3,13,2,3,8,1,0,0
25,No,Travel_Rarely,109,Research & Development,7,3,Life Sciences,1,1329,1,Male,99,4,2,Manager,2,Married,5309,25183,4,Y,Yes,13,3,2,80,0,4,1,3,1,0,0,1
41,No,Travel_Rarely,846,Sales,29,5,Medical,1,1330,4,Male,84,4,5,Manager,3,Married,12451,4103,6,Y,No,22,3,4,80,2,23,2,3,6,4,6,0
49,No,Travel_Rarely,1388,Research & Development,1,1,Life Sciences,1,1331,3,Male,72,4,3,Research Scientist,4,Single,9373,7125,0,Y,No,16,3,4,80,0,29,4,4,10,7,5,1
46,No,Non-Travel,238,Sales,6,2,Life Sciences,1,1332,2,Male,50,2,1,Sales Representative,4,Divorced,2251,8590,0,Y,Yes,13,3,3,80,1,24,4,4,5,5,0,1
34,No,Travel_Frequently,830,Sales,1,1,Medical,1,1333,3,Male,51,1,1,Sales Executive,2,Single,1000,12212,0,Y,No,20,3,2,80,1,15,4,3,1,1,1,1
49,No,Travel_Rarely,295,Research & Development,5,4,Life Sciences,1,1334,2,Female,38,3,1,Manager,3,Single,2912,11600,2,Y,No,14,4,3,80,0,28,3,2,12,1,1,0
37,No,Travel_Rarely,1197,Research & Development,17,1,Medical,1,1335,3,Male,63,1,3,Laboratory Technician,3,Married,5766,4921,3,Y,Yes,22,3,3,80,0,18,3,4,10,1,0,3
32,No,Travel_Rarely,1348,Research & Development,1,4,Life Sciences,1,1336,1,Male,88,2,3,Laboratory Technician,4,Married,5904,6734,4,Y,No,14,3,3,80,0,10,1,1,6,3,0,1
30,No,Non-Travel,1225,Research & Development,2,3,Life Sciences,1,1337,1,Male,55,3,3,Laboratory Technician,2,Married,9375,21757,3,Y,No,13,3,4,80,0,10,0,2,2,2,1,2
33,No,Travel_Rarely,363,Research & Development,9,3,Marketing,1,1338,3,Male,30,3,2,Laboratory Technician,2,Married,4566,25138,0,Y,No,20,4,2,80,2,15,2,2,7,1,2,5
32,Yes,Non-Travel,1044,Research & Development,1,3,Medical,1,1339,1,Male,34,3,3,Research Scientist,4,Married,9835,18037,5,Y,No,16,3,1,80,0,12,2,4,1,1,0,1
37,No,Non-Travel,1019,Human Resources,4,2,Life Sciences,1,1340,2,Female,70,4,2,Manager,2,Single,6512,2836,3,Y,No,15,3,3,80,1,19,3,2,1,1,1,1
37,Yes,Travel_Rarely,260,Sales,3,2,Life Sciences,1,1341,4,Female,92,2,1,Sales Representative,1,Divorced,2096,14094,1,Y,Yes,21,3,2,80,0,18,2,3,3,2,1,0
36,No,Travel_Rarely,1356,Sales,14,3,Medical,1,1342,4,Male,51,3,2,Sales Executive,4,Married,5991,11028,1,Y,No,19,3,3,80,2,16,1,4,16,9,0,4
39,No,Travel_Frequently,590,Sales,1,3,Life Sciences,1,1343,4,Male,97,3,5,Sales Representative,1,Married,13789,12749,1,Y,Yes,19,4,3,80,2,19,2,4,8,8,0,1
46,No,Travel_Frequently,869,Research & Development,15,2,Life Sciences,1,1344,3,Male,77,3,3,Manufacturing Director,1,Married,12466,17432,4,Y,Yes,13,3,4,80,2,26,6,3,6,3,2,1
44,No,Travel_Frequently,410,Sales,9,2,Life Sciences,1,1345,1,Male,95,4,2,Sales Executive,4,Single,4133,13051,3,Y,No,23,3,3,80,1,22,2,3,3,1,2,0
22,Yes,Travel_Rarely,326,Sales,2,5,Technical Degree,1,1346,1,Female,45,4,3,Sales Executive,2,Married,10052,25091,2,Y,Yes,19,3,3,80,0,3,3,4,1,0,1,1
18,No,Non-Travel,372,Research & Development,1,1,Technical Degree,1,1347,4,Female,82,3,4,Healthcare Representative,2,Married,14531,17586,4,Y,No,23,3,1,80,2,0,0,1,0,0,0,0
44,No,Travel_Rarely,1037,Human Resources,23,4,Technical Degree,1,1348,4,Male,94,4,2,Human Resources,3,Married,5395,7312,3,Y,No,22,3,1,80,0,24,0,4,4,3,0,2
23,No,Non-Travel,416,Research & Development,6,4,Marketing,1,1349,2,Male,93,1,2,Laboratory Technician,1,Married,4161,5822,3,Y,No,13,3,3,80,0,4,2,2,4,2,1,0
33,No,Travel_Rarely,1209,Research & Development,3,2,Marketing,1,1350,4,Male,97,2,5,Manufacturing Director,2,Divorced,16356,24537,0,Y,No,14,3,4,80,0,11,3,4,3,2,0,3
25,No,Non-Travel,390,Sales,1,2,Medical,1,1351,4,Female,92,3,4,Sales Executive,1,Married,5539,13622,1,Y,No,11,3,3,80,1,3,0,2,3,1,2,2
19,No,Non-Travel,828,Human Resources,1,2,Marketing,1,1352,3,Female,91,4,1,Human Resources,2,Divorced,2640,18099,4,Y,Yes,15,4,3,80,1,0,2,3,0,0,0,0
40,Yes,Non-Travel,474,Research & Development,7,4,Life Sciences,1,1353,4,Male,74,3,2,Research Scientist,4,Married,5437,19188,2,Y,Yes,22,3,3,80,1,22,1,1,2,2,0,2
42,No,Travel_Frequently,666,Sales,5,4,Medical,1,1354,2,Male,81,3,2,Sales Executive,4,Single,5166,3075,2,Y,No,19,3,3,80,1,23,4,2,0,0,0,0
30,No,Travel_Rarely,967,Research & Development,11,4,Technical Degree,1,1355,3,Female,94,3,1,Manufacturing Director,2,Single,1000,16063,0,Y,No,12,3,1,80,0,11,2,3,1,0,1,0
18,Yes,Travel_Rarely,854,Research & Development,14,5,Medical,1,1356,3,Male,31,2,5,Research Director,1,Married,11621,18383,2,Y,Yes,14,3,3,80,3,0,1,4,0,0,0,0
31,No,Travel_Rarely,351,Sales,4,4,Life Sciences,1,1357,3,Male,78,3,2,Sales Executive,1,Single,4064,11605,3,Y,No,20,3,1,80,1,9,3,4,5,1,3,5
39,No,Non-Travel,406,Research & Development,1,2,Life Sciences,1,1358,4,Male,51,1,4,Research Scientist,2,Single,12874,6452,1,Y,No,12,3,3,80,1,21,2,2,6,4,3,2
22,No,Travel_Rarely,774,Sales,12,2,Marketing,1,1359,4,Female,58,3,1,Sales Representative,4,Divorced,2680,20047,4,Y,No,24,4,4,80,1,1,1,2,1,1,1,1
37,Yes,Travel_Rarely,967,Research & Development,6,4,Marketing,1,1360,1,Male,64,4,2,Research Director,4,Divorced,4787,14298,3,Y,Yes,18,3,1,80,0,18,2,4,6,1,0,6
35,Yes,Travel_Rarely,363,Research & Development,29,2,Human Resources,1,1361,1,Male,53,3,1,Manufacturing Director,1,Married,2897,14368,4,Y,Yes,19,4,3,80,0,13,4,4,5,0,2,5
41,No,Travel_Rarely,167,Research & Development,12,1,Life Sciences,1,1362,3,Female,59,4,3,Healthcare Representative,2,Single,5947,9428,2,Y,No,13,3,4,80,1,20,6,3,0,0,0,0
37,No,Travel_Rarely,1230,Research & Development,3,4,Technical Degree,1,1363,2,Male,71,2,2,Laboratory Technician,2,Single,5762,20437,0,Y,No,23,3,3,80,0,16,2,3,16,0,3,2
27,Yes,Travel_Frequently,1322,Research & Development,4,3,Medical,1,1364,1,Male,79,2,2,Healthcare Representative,4,Single,5593,17817,2,Y,No,19,3,2,80,0,9,4,2,2,2,2,2
46,No,Travel_Rarely,1315,Human Resources,2,5,Human Resources,1,1365,3,Male,89,3,1,Human Resources,3,Married,2735,4420,1,Y,No,16,4,3,80,2,27,2,3,1,0,1,1
34,Yes,Travel_Frequently,613,Research & Development,5,4,Medical,1,1366,3,Male,59,4,1,Laboratory Technician,2,Divorced,2386,20912,5,Y,Yes,16,3,4,80,1,16,1,3,2,0,0,2
35,No,Travel_Rarely,868,Sales,9,1,Medical,1,1367,4,Female,41,3,1,Sales Executive,4,Married,3644,6317,1,Y,No,17,4,2,80,1,14,6,3,0,0,0,0
27,No,Travel_Frequently,541,Research & Development,7,5,Medical,1,1368,2,Male,78,4,1,Laboratory Technician,4,Single,2808,26361,4,Y,No,22,3,2,80,1,6,4,3,4,2,2,2
32,No,Travel_Rarely,100,Research & Development,3,2,Technical Degree,1,1369,2,Male,75,3,2,Research Director,3,Married,3789,25611,1,Y,No,15,4,3,80,3,14,1,1,1,1,1,1
28,Yes,Travel_Rarely,457,Research & Development,13,3,Other,1,1370,1,Male,72,4,2,Research Director,1,Married,5310,10412,1,Y,Yes,16,3,2,80,0,7,1,4,7,2,0,5
34,No,Travel_Rarely,1238,Research & Development,1,3,Life Sciences,1,1371,3,Female,31,4,2,Research Scientist,1,Married,5940,18321,3,Y,No,21,4,4,80,2,14,3,4,2,2,1,2
51,No,Travel_Rarely,1002,Research & Development,1,1,Life Sciences,1,1372,4,Female,83,3,2,Research Scientist,1,Married,4264,2227,1,Y,No,11,3,4,80,1,29,5,4,3,0,0,0
23,No,Travel_Rarely,1320,Research & Development,4,3,Other,1,1373,1,Male,64,3,1,Laboratory Technician,4,Married,3180,20721,0,Y,No,13,3,2,80,0,4,2,2,4,2,0,0
21,No,Travel_Rarely,373,Research & Development,9,2,Medical,1,1374,2,Male,81,3,1,Research Scientist,3,Single,2738,13456,1,Y,No,22,3,3,80,0,0,4,2,0,0,0,0
49,Yes,Travel_Rarely,955,Research & Development,9,3,Medical,1,1375,1,Female,62,4,1,Manufacturing Director,3,Single,1035,2955,2,Y,Yes,19,3,4,80,1,30,2,4,1,1,1,1
34,No,Non-Travel,1117,Research & Development,3,3,Medical,1,1376,4,Male,80,2,4,Research Director,1,Divorced,12899,19881,6,Y,Yes,22,3,1,80,1,13,4,3,13,4,0,1
29,No,Travel_Rarely,1283,Research & Development,9,4,Life Sciences,1,1377,2,Female,55,4,2,Manager,4,Single,4492,11472,2,Y,No,15,3,4,80,0,11,1,4,4,4,1,0
45,Yes,Travel_Frequently,272,Research & Development,1,4,Technical Degree,1,1378,1,Female,91,4,1,Manufacturing Director,3,Single,2835,3978,0,Y,No,15,3,2,80,1,27,2,1,0,0,0,0
30,Yes,Travel_Frequently,684,Sales,2,2,Technical Degree,1,1379,1,Female,90,3,1,Sales Representative,1,Single,3090,19913,3,Y,No,18,3,1,80,1,9,5,4,2,2,0,0
52,Yes,Travel_Rarely,1028,Research & Development,9,3,Life Sciences,1,1380,4,Male,55,1,4,Laboratory Technician,4,Single,12585,14675,4,Y,No,21,3,1,80,1,33,2,3,2,2,2,1
42,No,Travel_Rarely,580,Sales,1,3,Life Sciences,1,1381,1,Male,66,4,3,Sales Executive,4,Married,11330,21046,3,Y,No,21,3,2,80,2,21,3,1,8,4,2,3
31,No,Travel_Rarely,554,Research & Development,1,2,Technical Degree,1,1382,1,Female,59,2,3,Laboratory Technician,3,Divorced,7642,24817,2,Y,No,23,3,3,80,2,12,4,3,1,1,1,1
55,Yes,Travel_Rarely,295,Sales,1,4,Life Sciences,1,1383,1,Male,40,4,2,Sales Representative,1,Married,5781,18128,0,Y,No,12,3,4,80,1,34,1,3,2,1,0,2
30,No,Travel_Rarely,895,Research & Development,3,4,Human Resources,1,1384,2,Male,82,1,1,Manufacturing Director,1,Married,3003,17668,3,Y,No,23,4,2,80,3,9,1,3,0,0,0,0
42,No,Travel_Frequently,698,Sales,13,2,Life Sciences,1,1385,3,Female,70,4,5,Sales Executive,1,Married,16586,9445,3,Y,No,17,3,2,80,0,21,1,2,1,1,0,0
38,No,Non-Travel,1432,Research & Development,14,3,Medical,1,1386,2,Female,34,3,3,Laboratory Technician,4,Married,9557,6284,8,Y,No,19,4,3,80,0,20,3,4,6,0,0,0
47,No,Travel_Rarely,655,Human Resources,15,1,Other,1,1387,3,Male,95,4,1,Human Resources,4,Divorced,2128,19585,2,Y,Yes,17,3,1,80,0,28,1,3,5,1,0,0
50,No,Travel_Rarely,947,Sales,1,4,Marketing,1,1388,4,Male,42,3,4,Manager,3,Divorced,10732,9131,4,Y,Yes,22,3,2,80,1,29,2,4,0,0,0,0
36,No,Travel_Rarely,538,Sales,29,2,Medical,1,1389,4,Male,92,3,3,Sales Executive,4,Single,5375,12614,4,Y,No,15,4,4,80,1,14,0,4,0,0,0,0
29,No,Travel_Frequently,749,Research & Development,5,5,Marketing,1,1390,2,Female,54,1,1,Healthcare Representative,4,Married,2650,2759,1,Y,No,23,3,3,80,1,7,4,2,2,2,0,1
40,No,Travel_Rarely,458,Research & Development,16,4,Life Sciences,1,1391,1,Female,73,4,2,Healthcare Representative,3,Married,5406,23957,3,Y,No,16,4,4,80,0,22,3,3,6,4,2,6
29,Yes,Travel_Frequently,1159,Research & Development,18,3,Life Sciences,1,1392,4,Male,43,1,1,Research Scientist,4,Divorced,3237,23545,2,Y,No,14,3,2,80,0,9,1,2,8,8,4,0
54,No,Travel_Rarely,1157,Research & Development,5,3,Other,1,1393,3,Male,98,4,1,Laboratory Technician,2,Married,2994,22673,3,Y,No,24,3,3,80,2,36,0,3,0,0,0,0
37,No,Non-Travel,1211,Sales,1,5,Technical Degree,1,1394,4,Female,88,3,3,Sales Representative,2,Divorced,7430,23830,0,Y,No,22,4,3,80,2,17,0,4,1,1,1,1
32,Yes,Travel_Rarely,757,Research & Development,7,3,Marketing,1,1395,4,Male,85,2,1,Laboratory Technician,4,Married,1763,15684,1,Y,No,17,3,4,80,1,14,1,3,2,0,0,0
37,No,Non-Travel,115,Research & Development,3,2,Life Sciences,1,1396,3,Male,81,3,3,Research Director,3,Single,8865,11680,4,Y,Yes,11,4,1,80,1,15,1,2,12,1,0,1
23,Yes,Travel_Rarely,844,Research & Development,1,3,Life Sciences,1,1397,1,Female,95,3,5,Research Scientist,1,Married,21720,22642,3,Y,No,14,3,4,80,1,2,1,1,2,2,2,2
27,Yes,Travel_Frequently,520,Research & Development,1,4,Life Sciences,1,1398,1,Male,97,4,1,Research Scientist,3,Divorced,2971,6371,3,Y,No,13,3,1,80,0,8,4,1,1,0,1,1
46,No,Travel_Rarely,652,Research & Development,6,4,Medical,1,1399,4,Female,41,1,2,Research Director,4,Divorced,6355,14651,2,Y,No,23,3,4,80,1,25,2,3,2,2,2,2
30,Yes,Travel_Rarely,866,Sales,1,4,Technical Degree,1,1400,3,Male,97,4,3,Sales Representative,4,Single,7576,3665,3,Y,No,14,3,1,80,1,8,4,4,2,0,0,1
26,Yes,Travel_Rarely,892,Research & Development,13,5,Medical,1,1401,3,Male,72,3,3,Manager,3,Married,7066,8918,4,Y,Yes,11,3,3,80,1,7,2,3,5,1,0,3
40,No,Travel_Rarely,1249,Research & Development,2,5,Technical Degree,1,1402,3,Female,35,3,3,Manufacturing Director,2,Married,6526,25007,7,Y,No,22,3,1,80,0,20,2,4,0,0,0,0
46,Yes,Travel_Rarely,1131,Research & Development,6,5,Life Sciences,1,1403,3,Male,44,3,2,Research Director,2,Single,4930,12194,2,Y,Yes,23,3,3,80,3,26,2,3,2,2,0,0
42,No,Non-Travel,979,Research & Development,1,1,Life Sciences,1,1404,3,Female,71,2,2,Healthcare Representative,3,Married,4901,25816,4,Y,No,12,3,2,80,2,20,4,3,5,2,2,5
44,No,Travel_Rarely,951,Research & Development,15,3,Life Sciences,1,1405,2,Male,60,2,2,Healthcare Representative,3,Single,5258,25066,5,Y,No,22,3,3,80,0,25,1,3,1,1,1,1
29,Yes,Travel_Rarely,609,Sales,9,4,Medical,1,1406,3,Male,82,1,5,Sales Representative,1,Divorced,16450,13213,1,Y,Yes,21,3,3,80,1,8,2,4,4,1,2,2
23,Yes,Travel_Rarely,1299,Sales,1,4,Life Sciences,1,1407,1,Male,35,4,1,Sales Executive,2,Married,2416,17745,2,Y,Yes,23,3,3,80,3,1,4,2,1,1,0,1
49,No,Travel_Rarely,1065,Sales,10,4,Other,1,1408,3,Male,62,2,4,Manager,3,Divorced,9669,24612,1,Y,Yes,19,3,1,80,0,29,4,3,7,3,0,3
33,No,Travel_Frequently,1013,Sales,1,2,Life Sciences,1,1409,2,Male,58,4,1,Sales Executive,3,Single,3088,24211,3,Y,No,17,3,4,80,1,11,2,4,0,0,0,0
33,No,Non-Travel,1490,Research & Development,11,4,Other,1,1410,3,Male,50,2,5,Laboratory Technician,3,Single,17325,23819,3,Y,Yes,23,3,1,80,1,12,2,3,12,1,2,2
47,Yes,Non-Travel,117,Human Resources,5,4,Medical,1,1411,4,Male,83,2,3,Human Resources,4,Single,7651,9636,3,Y,Yes,16,3,4,80,1,29,2,2,0,0,0,0
41,Yes,Travel_Rarely,155,Sales,1,1,Other,1,1412,3,Male,85,2,2,Sales Representative,3,Single,4065,19749,3,Y,Yes,12,3,4,80,2,23,3,3,0,0,0,0
40,Yes,Travel_Rarely,1018,Sales,6,3,Medical,1,1413,2,Female,50,4,2,Sales Executive,2,Single,3335,9344,1,Y,No,11,3,3,80,0,19,2,3,9,4,0,9
55,No,Travel_Frequently,1158,Research & Development,1,2,Other,1,1414,2,Female,84,2,1,Research Scientist,4,Single,3317,5201,3,Y,No,12,3,2,80,0,36,2,4,10,1,0,0
30,No,Travel_Rarely,1001,Sales,8,3,Life Sciences,1,1415,2,Female,87,1,1,Sales Representative,2,Married,2846,6752,2,Y,No,17,3,1,80,0,8,1,3,0,0,0,0
44,Yes,Travel_Rarely,729,Sales,9,1,Technical Degree,1,1416,4,Male,93,1,1,Sales Executive,2,Single,1485,11575,4,Y,No,12,3,3,80,0,23,1,3,11,0,3,2
36,Yes,Travel_Frequently,893,Sales,11,3,Human Resources,1,1417,3,Male,75,3,1,Sales Representative,3,Married,2976,12327,1,Y,No,13,3,2,80,1,18,4,3,1,1,1,1
38,No,Travel_Frequently,446,Research & Development,18,3,Life Sciences,1,1418,3,Female,51,4,2,Research Scientist,2,Married,6153,17891,1,Y,No,18,3,4,80,2,18,3,3,4,2,4,0
49,No,Travel_Frequently,1155,Sales,8,4,Life Sciences,1,1419,2,Male,89,4,3,Sales Executive,2,Divorced,8248,15029,2,Y,Yes,17,3,4,80,0,28,2,4,0,0,0,0
40,Yes,Travel_Frequently,1007,Human Resources,5,4,Medical,1,1420,4,Male,40,2,2,Human Resources,4,Divorced,6997,8091,2,Y,No,22,3,4,80,1,19,2,3,2,2,2,0
40,Yes,Non-Travel,1123,Sales,15,4,Other,1,1421,2,Female,76,1,1,Sales Representative,4,Married,2635,24998,2,Y,No,21,3,3,80,1,19,2,2,2,0,2,0
45,No,Travel_Frequently,1256,Research & Development,18,2,Medical,1,1422,2,Female,60,4,4,Research Scientist,3,Married,7749,19905,1,Y,No,21,3,4,80,0,27,1,4,4,1,2,4
32,No,Travel_Frequently,675,Sales,12,2,Medical,1,1423,2,Male,47,2,2,Manager,2,Single,5456,17866,1,Y,No,24,3,1,80,1,14,1,2,3,1,0,1
28,No,Travel_Rarely,298,Research & Development,22,4,Life Sciences,1,1424,1,Male,51,4,5,Research Scientist,1,Divorced,18040,9521,0,Y,No,21,3,4,80,1,7,1,1,3,1,1,3
26,No,Travel_Rarely,1379,Research & Development,29,2,Life Sciences,1,1425,2,Female,85,2,3,Research Scientist,2,Single,6793,24943,3,Y,No,19,4,2,80,1,5,4,2,5,5,3,0
18,Yes,Travel_Rarely,1465,Research & Development,2,5,Technical Degree,1,1426,3,Male,46,3,1,Research Scientist,1,Single,2858,17410,0,Y,No,22,3,2,80,0,0,0,4,0,0,0,0
54,Yes,Travel_Rarely,1354,Sales,1,4,Life Sciences,1,1427,2,Female,67,1,2,Sales Executive,3,Single,2915,20007,0,Y,No,14,3,2,80,1,34,4,4,0,0,0,0
26,No,Travel_Rarely,400,Research & Development,4,3,Medical,1,1428,1,Female,54,4,3,Healthcare Representative,3,Married,9981,21518,2,Y,No,17,3,1,80,3,4,1,2,4,0,0,4
34,No,Travel_Frequently,1116,Research & Development,29,5,Other,1,1429,2,Female,61,2,1,Research Director,3,Single,1951,7820,2,Y,No,11,3,3,80,1,12,2,3,0,0,0,0
33,No,Travel_Rarely,125,Sales,1,1,Life Sciences,1,1430,3,Male,44,2,1,Sales Representative,4,Married,1884,13453,2,Y,No,21,3,4,80,0,11,0,3,3,0,0,0
38,No,Travel_Rarely,1408,Sales,9,3,Marketing,1,1431,1,Male,42,3,1,Sales Executive,3,Single,2428,23378,2,Y,No,21,3,2,80,1,20,3,3,3,3,1,3
43,Yes,Travel_Rarely,549,Research & Development,15,4,Life Sciences,1,1432,3,Female,87,2,1,Research Scientist,3,Married,2770,6696,0,Y,Yes,12,3,3,80,0,25,4,1,1,1,0,0
43,No,Travel_Rarely,419,Sales,29,3,Medical,1,1433,1,Female,79,1,2,Sales Executive,2,Single,5204,3867,1,Y,No,17,3,2,80,1,24,2,1,13,1,0,5
30,No,Travel_Rarely,255,Sales,7,5,Life Sciences,1,1434,4,Female,40,1,2,Manager,4,Single,4071,17723,1,Y,No,12,4,2,80,0,12,3,3,1,1,1,0
34,No,Travel_Rarely,570,Research & Development,3,1,Marketing,1,1435,4,Male,42,4,1,Research Scientist,4,Divorced,2183,21207,3,Y,No,16,3,1,80,0,13,2,4,1,1,1,1
38,No,Travel_Rarely,519,Research & Development,1,3,Life Sciences,1,1436,4,Male,79,3,3,Manufacturing Director,4,Single,5733,13817,2,Y,No,23,4,4,80,1,18,2,2,1,0,0,1
33,No,Travel_Frequently,1236,Research & Development,29,3,Medical,1,1437,3,Female,67,3,2,Laboratory Technician,4,Divorced,4719,24490,1,Y,No,20,3,3,80,0,13,5,2,0,0,0,0
50,No,Travel_Frequently,750,Research & Development,20,4,Medical,1,1438,3,Female,30,4,1,Research Scientist,4,Married,3171,2168,2,Y,No,22,3,4,80,1,30,3,2,2,0,2,2
40,No,Non-Travel,985,Research & Development,13,2,Life Sciences,1,1439,3,Female,68,4,1,Laboratory Technician,4,Single,2497,26171,1,Y,Yes,19,3,3,80,0,20,4,3,5,3,3,0
42,No,Travel_Rarely,1029,Sales,23,3,Technical Degree,1,1440,4,Female,56,3,1,Sales Executive,3,Divorced,3037,12213,0,Y,No,21,3,4,80,0,20,2,1,6,0,0,5
41,Yes,Travel_Rarely,934,Sales,1,4,Life Sciences,1,1441,4,Male,65,3,2,Sales Representative,1,Single,6819,17223,0,Y,Yes,15,3,3,80,2,19,1,4,8,2,5,0
46,Yes,Travel_Rarely,975,Research & Development,7,2,Marketing,1,1442,3,Female,61,4,1,Research Scientist,4,Divorced,2132,13452,2,Y,No,20,3,4,80,3,25,0,3,1,1,1,1
37,No,Travel_Rarely,1041,Research & Development,2,4,Life Sciences,1,1443,3,Female,70,2,2,Manufacturing Director,4,Single,4766,23293,5,Y,No,17,3,3,80,0,18,2,3,0,0,0,0
24,No,Travel_Rarely,1093,Research & Development,11,3,Marketing,1,1444,1,Male,44,3,2,Research Scientist,4,Divorced,7713,10027,4,Y,No,23,3,3,80,1,6,2,3,6,0,0,6
39,No,Travel_Rarely,1408,Research & Development,1,4,Life Sciences,1,1445,3,Female,60,1,2,Manager,3,Single,6805,18291,3,Y,No,11,3,2,80,0,21,3,2,0,0,0,0
30,No,Non-Travel,671,Research & Development,2,4,Medical,1,1446,4,Male,35,2,1,Research Scientist,4,Married,1454,12641,3,Y,Yes,18,3,2,80,1,8,6,3,8,0,0,2
31,No,Travel_Rarely,153,Sales,15,2,Life Sciences,1,1447,4,Male,81,2,2,Sales Representative,4,Married,5483,23065,2,Y,No,19,3,4,80,1,11,2,4,8,0,0,3
41,No,Travel_Rarely,704,Sales,11,3,Technical Degree,1,1448,4,Female,51,4,2,Sales Representative,1,Divorced,5000,23521,5,Y,Yes,23,3,1,80,0,20,0,2,12,2,0,1
47,No,Non-Travel,424,Research & Development,29,5,Life Sciences,1,1449,3,Male,60,4,4,Manager,2,Divorced,14479,26715,0,Y,No,15,3,3,80,2,28,3,1,2,2,0,1
36,No,Travel_Rarely,1069,Sales,8,3,Human Resources,1,1450,4,Male,75,3,3,Sales Executive,4,Divorced,6510,23618,3,Y,No,16,3,3,80,0,14,1,2,1,0,1,1
38,No,Non-Travel,984,Research & Development,2,5,Human Resources,1,1451,4,Male,96,3,2,Manufacturing Director,3,Divorced,3950,2224,3,Y,No,23,3,4,80,0,17,3,4,4,2,0,0
51,No,Travel_Rarely,364,Sales,6,3,Life Sciences,1,1452,4,Male,72,3,2,Sales Executive,2,Single,4154,10749,6,Y,No,21,3,1,80,2,30,1,1,6,0,0,1
38,No,Non-Travel,481,Research & Development,23,2,Medical,1,1453,3,Male,30,4,2,Research Scientist,3,Single,4285,8582,1,Y,No,18,3,3,80,1,16,5,3,0,0,0,0
59,Yes,Travel_Rarely,1336,Research & Development,8,3,Life Sciences,1,1454,3,Male,73,3,4,Laboratory Technician,1,Single,14445,3573,1,Y,No,14,3,3,80,1,38,0,3,7,4,0,5
41,Yes,Travel_Frequently,432,Sales,17,5,Medical,1,1455,3,Female,86,3,1,Sales Executive,4,Married,1761,10577,1,Y,No,12,3,4,80,1,21,1,3,1,1,1,1
20,Yes,Travel_Rarely,1133,Research & Development,1,3,Marketing,1,1456,2,Male,38,2,5,Manager,1,Married,14353,10712,4,Y,Yes,20,3,3,80,1,0,3,1,0,0,0,0
42,No,Travel_Rarely,1481,Sales,3,5,Marketing,1,1457,2,Male,34,3,3,Sales Executive,2,Married,4421,8763,2,Y,Yes,18,3,3,80,1,23,1,3,9,2,6,0
39,Yes,Travel_Rarely,302,Research & Development,21,5,Medical,1,1458,2,Male,38,1,3,Laboratory Technician,3,Single,10014,14164,4,Y,No,12,3,4,80,0,18,5,2,1,1,1,1
47,No,Travel_Frequently,157,Research & Development,1,3,Life Sciences,1,1459,4,Female,74,3,1,Manufacturing Director,4,Married,3294,7217,3,Y,No,15,3,2,80,1,29,0,2,1,0,1,1
42,No,Travel_Rarely,1346,Research & Development,5,1,Medical,1,1460,3,Male,53,4,2,Laboratory Technician,4,Single,4591,21526,2,Y,No,23,3,2,80,1,21,2,3,0,0,0,0
34,No,Non-Travel,1492,Research & Development,3,4,Life Sciences,1,1461,4,Female,71,2,2,Manufacturing Director,1,Single,4627,18272,2,Y,No,16,3,4,80,1,12,2,4,0,0,0,0
24,Yes,Travel_Frequently,646,Sales,8,3,Marketing,1,1462,2,Female,51,2,1,Sales Executive,4,Married,2783,14734,2,Y,No,15,3,1,80,2,6,3,4,0,0,0,0
34,No,Non-Travel,970,Research & Development,1,4,Medical,1,1463,2,Female,89,4,1,Laboratory Technician,3,Divorced,3421,13353,4,Y,No,16,3,3,80,0,12,3,4,1,1,0,1
28,Yes,Travel_Frequently,202,Sales,8,3,Marketing,1,1464,1,Male,66,4,4,Sales Executive,1,Married,13225,5501,0,Y,Yes,16,3,3,80,1,9,2,3,1,1,1,1
30,No,Travel_Rarely,1284,Sales,29,3,Life Sciences,1,1465,2,Female,68,2,2,Manager,3,Married,4128,15530,7,Y,No,13,4,1,80,0,10,1,4,8,0,1,0
41,No,Non-Travel,1323,Sales,2,4,Life Sciences,1,1466,4,Male,82,2,2,Sales Representative,4,Single,2976,14394,4,Y,No,21,3,2,80,1,22,3,3,12,1,1,1
51,No,Travel_Frequently,1283,Research & Development,4,3,Life Sciences,1,1467,3,Female,57,3,1,Manager,3,Married,1803,3499,2,Y,Yes,21,3,3,80,1,33,2,3,2,1,2,1
39,No,Non-Travel,964,Sales,1,3,Life Sciences,1,1468,3,Female,44,3,3,Sales Executive,4,Single,8146,11669,3,Y,No,13,3,2,80,2,19,1,2,0,0,0,0
25,No,Travel_Rarely,1259,Research & Development,4,3,Life Sciences,1,1469,3,Male,89,4,3,Research Scientist,3,Married,6689,25071,2,Y,No,19,3,3,80,1,4,1,3,1,0,0,1
40,No,Travel_Rarely,497,Research & Development,4,3,Technical Degree,1,1470,4,Male,89,2,2,Research Scientist,3,Married,5243,23629,2,Y,No,13,4,3,80,2,22,3,4,6,1,2,5
